{"stats":{"minecraft:killed":{"born_in_chaos_v1:zombie_lumberjack":1,"born_in_chaos_v1:skeleton_demoman":1,"born_in_chaos_v1:baby_skeleton_minion":2,"minecraft:skeleton":41,"ecologics:coconut_crab":1,"alexsmobs:straddler":1,"spawn:ant":3,"gnumus:big_snout":2,"minecraft:pillager":1,"minecraft:zombie":30,"born_in_chaos_v1:corpse_fly":2,"born_in_chaos_v1:door_knight":1,"minecraft:cow":3,"alexscaves:brainiac":2,"minecraft:horse":1,"gnumus:gnumus_hunter":2,"minecraft:warden":1,"born_in_chaos_v1:barrel_zombie":1,"gnumus:gnumus_hunter_not_dispawn":5,"minecraft:husk":7,"born_in_chaos_v1:decrepit_skeleton":4,"gnumus:gnumus_merchant":1,"alexsmobs:crocodile":1,"born_in_chaos_v1:dark_vortex":1,"minecraft:spider":8,"endermanoverhaul:dark_oak_enderman":1,"gnumus:pitcher_mousse":2,"minecraft:piglin_brute":10,"epicsamurai:enenra":1,"minecraft:piglin":2,"born_in_chaos_v1:bonescaller":1,"gnumus:gnumus_shaman":2,"minecraft:creeper":3,"minecraft:sheep":2,"born_in_chaos_v1:dread_hound":3,"minecraft:stray":5,"minecraft:slime":3,"born_in_chaos_v1:zombie_bruiser":1,"born_in_chaos_v1:maggot":10,"gnumus:gnumus_worker":2,"minecraft:drowned":3,"mythicmounts:geckotoalizard":1,"creeperoverhaul:spruce_creeper":2,"minecraft:wither_skeleton":4},"minecraft:custom":{"minecraft:interact_with_crafting_table":168,"minecraft:open_barrel":271,"minecraft:eat_cake_slice":8,"minecraft:leave_game":20,"minecraft:time_since_death":23281,"minecraft:damage_blocked_by_shield":96,"minecraft:play_time":1442002,"minecraft:deaths":57,"minecraft:jump":26046,"minecraft:interact_with_furnace":62,"minecraft:traded_with_villager":916,"minecraft:interact_with_cartography_table":1,"minecraft:sleep_in_bed":68,"minecraft:waystone_activated":2,"minecraft:damage_dealt":48625,"minecraft:interact_with_smoker":5,"minecraft:interact_with_smithing_table":3,"minecraft:inspect_dispenser":3,"minecraft:horse_one_cm":25815,"minecraft:interact_with_anvil":8,"minecraft:damage_dealt_absorbed":58,"minecraft:sneak_time":100998,"minecraft:interact_with_lectern":1,"minecraft:interact_with_blast_furnace":13,"minecraft:total_world_time":1442002,"minecraft:tune_noteblock":24,"minecraft:interact_with_stonecutter":1,"minecraft:time_since_rest":67,"minecraft:swim_one_cm":90482,"minecraft:fly_one_cm":11054613,"minecraft:open_chest":813,"minecraft:fall_one_cm":768854,"minecraft:damage_resisted":1689,"minecraft:sprint_one_cm":5930551,"minecraft:drop":418,"minecraft:play_noteblock":1,"minecraft:talked_to_villager":671,"minecraft:interact_with_brewingstand":4,"minecraft:walk_on_water_one_cm":130356,"minecraft:interact_with_loom":30,"minecraft:crouch_one_cm":678020,"minecraft:mob_kills":188,"minecraft:damage_dealt_resisted":3444,"minecraft:climb_one_cm":110273,"minecraft:walk_one_cm":5878299,"minecraft:walk_under_water_one_cm":168593,"minecraft:boat_one_cm":397247,"minecraft:pot_flower":1,"minecraft:interact_with_grindstone":1,"minecraft:damage_taken":33120,"minecraft:damage_absorbed":95,"minecraft:trigger_trapped_chest":1},"minecraft:used":{"mcwwindows:spruce_plank_pane_window":6,"minecraft:spruce_slab":2,"minecraft:chest":44,"ecologics:coconut_planks":26,"valhelsia_structures:metal_framed_glass_pane":10,"regions_unexplored:mauve_sapling":12,"minecraft:stripped_spruce_log":1,"minecraft:lava_bucket":9,"minecraft:furnace":8,"minecraft:potato":40,"simplyswords:soulpyre":103,"gnumus:grilled_juicy_meat":3,"minecraft:diorite":15,"cfm:spruce_cabinet":4,"minecraft:prismarine":2,"minecraft:wooden_pickaxe":13,"minecraft:composter":5,"minecraft:cookie":3,"minecraft:golden_apple":4,"simplyswords:diamond_greataxe":12,"minecraft:stripped_mangrove_wood":2,"minecraft:sand":1,"regions_unexplored:redwood_planks":98,"minecraft:blast_furnace":5,"regions_unexplored:redwood_log":4,"born_in_chaos_v1:monster_flesh":1,"minecraft:lectern":84,"minecraft:coal_block":2,"minecraft:smithing_table":8,"minecraft:oak_trapdoor":2,"minecraft:acacia_log":1,"travelersbackpack:bat":11,"minecraft:orange_bed":3,"minecraft:torch":55,"simplyswords:gold_claymore":32,"simplyswords:storms_edge":3,"ecologics:seashell":1,"regions_unexplored:magnolia_log":27,"regions_unexplored:hyssop":2,"minecraft:chipped_anvil":1,"minecraft:iron_axe":1389,"alexscaves:geothermal_vent":1,"minecraft:basalt":8,"farmersdelight:cooking_pot":1,"ecologics:coconut_seedling":3,"minecraft:cobbled_deepslate":65,"minecraft:calcite":2,"minecraft:water_bucket":14,"minecraft:fletching_table":23,"minecraft:polished_blackstone_bricks":29,"minecraft:crafting_table":27,"minecraft:white_bed":2,"minecraft:cake":1,"minecraft:spruce_log":23,"valhelsia_furniture:spruce_stool":3,"minecraft:oak_log":1,"minecraft:dark_prismarine":18,"minecraft:diamond_pickaxe":345,"minecraft:diamond_shovel":13,"minecraft:iron_pickaxe":1938,"regions_unexplored:white_magnolia_shrub":1,"minecraft:cobblestone":37,"minecraft:cooked_porkchop":1,"alexscaves:radrock":3,"epicfight:uchigatana":1,"minecraft:iron_shovel":12,"minecraft:shield":2,"minecraft:iron_sword":119,"minecraft:stripped_jungle_wood":38,"cfm:stripped_spruce_chair":8,"paraglider:goddess_statue":2,"minecraft:mutton":3,"minecraft:carrot":418,"minecraft:cyan_wool":4,"regions_unexplored:willow_planks":153,"minecraft:obsidian":16,"minecraft:glass":1,"born_in_chaos_v1:corpse_maggot":2,"minecraft:lantern":1,"regions_unexplored:redwood_boat":6,"rechiseled:blackstone_rotated_bricks_connecting":32,"minecraft:stone_bricks":5,"rechiseled:cobblestone_stripes":39,"epicfight:skillbook":9,"minecraft:stone_pickaxe":79,"regions_unexplored:large_prismarite_cluster":1,"minecraft:sandstone":13,"travelersbackpack:iron_golem":44,"simplyswords:diamond_halberd":33,"minecraft:diamond_axe":2764,"alexscaves:cave_book":5,"regions_unexplored:redwood_door":2,"regions_unexplored:mauve_planks":2,"regions_unexplored:pine_boat":1,"minecraft:bread":204,"paraglider:kakariko_goddess_statue":2,"minecraft:deepslate":15,"ecologics:coconut_slice":2,"born_in_chaos_v1:river_mint":1,"minecraft:bone_meal":232,"minecraft:experience_bottle":11,"minecraft:flint_and_steel":1,"minecraft:spruce_planks":68,"simpletomb:grave_key":21,"regions_unexplored:small_oak_log":21,"minecraft:dirt":28,"minecraft:granite":2,"minecraft:spruce_fence":2,"alexscaves:waste_drum":1,"paraglider:horned_statue":2,"minecraft:dark_oak_planks":3,"minecraft:wooden_axe":61,"minecraft:bookshelf":10,"minecraft:waxed_cut_copper":9,"paraglider:goron_goddess_statue":2,"minecraft:smooth_sandstone":2,"minecraft:polished_blackstone_brick_stairs":2,"alexscaves:spelunkery_table":3,"paraglider:rito_goddess_statue":2,"minecraft:golden_carrot":33,"regions_unexplored:larch_planks":1,"simplyswords:soulstealer":283,"minecraft:cooked_beef":3,"minecraft:baked_potato":1,"gnumus:overripe_carrot":8,"regions_unexplored:pink_magnolia_sapling":7,"minecraft:magenta_bed":7,"minecraft:dark_prismarine_slab":1,"regions_unexplored:magnolia_planks":118,"alexscaves:slam":1,"minecraft:apple":20,"minecraft:cracked_polished_blackstone_bricks":30,"gnumus:gnumus_jug":3,"simplyswords:soulkeeper":127,"minecraft:bucket":25,"alexsmobs:animal_dictionary":5,"regions_unexplored:pine_planks":15},"minecraft:broken":{"minecraft:iron_leggings":1,"simplyswords:gold_claymore":1,"minecraft:iron_axe":5,"minecraft:iron_pickaxe":5,"minecraft:iron_helmet":1,"minecraft:wooden_axe":1},"minecraft:dropped":{"regions_unexplored:willow_shrub":1,"minecraft:stripped_mangrove_wood":2,"minecraft:cookie":8,"born_in_chaos_v1:pieceofdarkmetal":2,"minecraft:red_carpet":1,"minecraft:emerald":30,"minecraft:dirt":20,"regions_unexplored:purple_coneflower":4,"regions_unexplored:large_prismarite_cluster":1,"regions_unexplored:golden_larch_sapling":3,"minecraft:sand":1,"minecraft:dark_oak_planks":3,"minecraft:cyan_carpet":2,"minecraft:bone":2,"minecraft:stone_axe":6,"wom:agony":1,"minecraft:ancient_debris":2,"minecraft:cobbled_deepslate":1,"alexscaves:cave_tablet":2,"aether:golden_gloves":2,"minecraft:wheat":59,"minecraft:deepslate_brick_slab":8,"minecraft:rotten_flesh":13,"regions_unexplored:redwood_planks":1,"artifacts:umbrella":2,"alexscaves:cave_book":1,"gnumus:gnumus_horn":1,"gnumus:gnumus_pouch":1,"minecraft:glass":2,"gnumus:gnumus_jug":1,"minecraft:enchanted_book":5,"minecraft:iron_ingot":2,"regions_unexplored:fireweed":13,"minecraft:wheat_seeds":49,"epicsamurai:raw_silver":1,"simpletomb:grave_key":1,"minecraft:yellow_terracotta":3,"minecraft:feather":7,"minecraft:cobblestone":79,"minecraft:prismarine_crystals":1,"minecraft:book":10,"simplyswords:icewhisper":1,"minecraft:coal":3,"regions_unexplored:daisy":1,"minecraft:golden_apple":4,"born_in_chaos_v1:black_argillite":8,"minecraft:golden_carrot":152,"minecraft:rose_bush":2,"simplyswords:molten_edge":1,"minecraft:diamond_helmet":1,"minecraft:paper":35,"minecraft:chainmail_leggings":1,"minecraft:iron_shovel":3,"minecraft:string":5,"minecraft:spruce_sapling":3,"regions_unexplored:blue_magnolia_sapling":4,"minecraft:orange_concrete":1,"farmersdelight:straw":1,"minecraft:name_tag":1,"regions_unexplored:hyssop":1,"regions_unexplored:mauve_log":16,"minecraft:orange_wool":8,"minecraft:spruce_fence":7,"minecraft:potato":5,"minecraft:allium":1,"simplyswords:storms_edge":1,"minecraft:spruce_planks":12,"minecraft:diamond_pickaxe":2,"minecraft:stone_bricks":7,"minecraft:sandstone":6,"minecraft:magma_block":2,"minecraft:dark_prismarine":6,"mcwwindows:spruce_plank_pane_window":3,"artifacts:snowshoes":2,"epicfight:skillbook":5,"minecraft:terracotta":1,"mythicmounts:summoning_staff":1,"minecraft:brown_mushroom":2,"minecraft:diamond_axe":3,"ecologics:coconut_slice":2,"alexscaves:burrowing_arrow":1,"regions_unexplored:willow_sapling":64,"minecraft:lantern":7,"regions_unexplored:redwood_sapling":28,"paraglider:spirit_orb":1,"minecraft:cod":2,"minecraft:flint":2,"born_in_chaos_v1:monster_skin":1,"minecraft:seagrass":3,"alexscaves:cave_map":1,"regions_unexplored:willow_planks":128,"minecraft:glistering_melon_slice":5,"valhelsia_structures:metal_framed_glass_pane":1,"minecraft:gold_ingot":1,"minecraft:gravel":6,"minecraft:stripped_jungle_wood":1,"minecraft:soul_lantern":1,"ecologics:coconut_log":10,"minecraft:beetroot":1,"regions_unexplored:larch_sapling":8,"minecraft:carrot":27,"gnumus:gnumus_doubloons":3,"regions_unexplored:peat_dirt":3,"simplyswords:soulstealer":2,"travelersbackpack:iron_golem":2,"minecraft:beetroot_seeds":6,"born_in_chaos_v1:corpse_maggot":6,"ecologics:coconut_husk":2,"minecraft:chainmail_boots":1,"minecraft:spruce_wood":9,"paraglider:kakariko_goddess_statue":1,"rechiseled:chisel":1,"minecraft:basalt":1,"minecraft:arrow":1,"minecraft:prismarine_bricks":2,"minecraft:magenta_wool":3,"minecraft:firework_rocket":2,"regions_unexplored:tsubaki":2,"minecraft:bread":50,"minecraft:stripped_spruce_log":12,"minecraft:golden_helmet":1,"minecraft:diamond_leggings":1,"ecologics:coconut_seedling":3,"minecraft:prismarine_shard":12,"minecraft:golden_axe":1,"minecraft:lead":1,"aether:iron_ring":1,"regions_unexplored:pine_sapling":3,"regions_unexplored:mauve_slab":5,"minecraft:spruce_stairs":56,"minecraft:stick":111,"minecraft:deepslate_brick_stairs":70,"minecraft:diorite":1,"minecraft:torch":1,"minecraft:iron_axe":3,"minecraft:pink_petals":7,"simplyswords:thunderbrand":1,"minecraft:raw_copper":1,"regions_unexplored:mauve_planks":3,"rechiseled:oak_planks_bricks":43,"minecraft:filled_map":3,"minecraft:shield":1,"gnumus:gnumus_clay":21,"aether:iron_gloves":1,"minecraft:diamond_chestplate":1,"hpm:smallhull":1,"gnumus:gnumus_pouch_2":1,"minecraft:pink_wool":3,"minecraft:diamond_boots":1,"minecraft:spruce_log":3,"minecraft:stone_pickaxe":1,"simplyswords:diamond_scythe":1,"minecraft:wooden_pickaxe":2,"minecraft:cracked_deepslate_bricks":6,"minecraft:calcite":1},"minecraft:crafted":{"regions_unexplored:mauve_slab":54,"aether:iron_ring":1,"minecraft:diamond_shovel":4,"minecraft:bookshelf":15,"patchouli:guide_book":2,"minecraft:glass":91,"minecraft:diamond_helmet":2,"minecraft:diamond_leggings":2,"gnumus:pileof_gnumus_doubloons":3,"minecraft:emerald":936,"minecraft:diamond_axe":5,"valhelsia_furniture:spruce_stool":2,"minecraft:smithing_table":2,"minecraft:clock":5,"minecraft:fletching_table":4,"minecraft:lectern":5,"mcwwindows:window_base":8,"minecraft:iron_pickaxe":8,"regions_unexplored:redwood_door":27,"minecraft:composter":7,"minecraft:golden_carrot":252,"ecologics:coconut_planks":44,"minecraft:bone_meal":684,"mcwwindows:spruce_plank_pane_window":8,"regions_unexplored:mauve_planks":340,"minecraft:spruce_slab":18,"minecraft:stone_pickaxe":21,"minecraft:diamond_boots":3,"regions_unexplored:willow_slab":12,"regions_unexplored:magnolia_planks":1064,"minecraft:wheat":54,"cfm:spruce_cabinet":2,"hpm:smallhull":1,"minecraft:enchanted_book":30,"regions_unexplored:pine_planks":476,"minecraft:chainmail_boots":12,"minecraft:wooden_axe":1,"minecraft:iron_shovel":5,"minecraft:iron_leggings":3,"valhelsia_structures:metal_framed_glass":16,"minecraft:oak_planks":128,"mythicmounts:summoning_staff":1,"hpm:small_mast":1,"cfm:stripped_spruce_chair":4,"regions_unexplored:larch_planks":904,"minecraft:suspicious_stew":6,"minecraft:cake":7,"minecraft:iron_boots":1,"minecraft:chest":47,"regions_unexplored:willow_planks":6485,"minecraft:crafting_table":13,"minecraft:spruce_planks":336,"minecraft:wooden_pickaxe":1,"minecraft:iron_helmet":2,"regions_unexplored:pine_boat":1,"rechiseled:chisel":2,"minecraft:iron_chestplate":13,"minecraft:paper":3,"minecraft:diamond_pickaxe":2,"minecraft:emerald_block":36,"minecraft:shield":12,"minecraft:stick":18140,"minecraft:iron_ingot":65,"valhelsia_structures:metal_framed_glass_pane":16,"minecraft:raw_iron":45,"minecraft:furnace":7,"alexscaves:cave_map":1,"minecraft:flint_and_steel":1,"minecraft:iron_axe":8,"ecologics:coconut_slab":12,"minecraft:bone_block":36,"minecraft:magenta_bed":3,"minecraft:bucket":2,"minecraft:stone_axe":6,"minecraft:bread":384,"minecraft:air":0,"gnumus:gnumus_jug":1,"regions_unexplored:redwood_planks":320,"minecraft:gold_nugget":297,"regions_unexplored:redwood_boat":3,"minecraft:orange_bed":1,"minecraft:torch":92,"minecraft:diamond_chestplate":2},"minecraft:killed_by":{"minecraft:piglin_brute":3,"alexsmobs:grizzly_bear":1,"alexscaves:brainiac":3,"mythicmounts:dragon":4,"minecraft:husk":6,"minecraft:warden":6,"naturalist:rattlesnake":1,"minecraft:witch":1,"minecraft:player":18,"minecraft:skeleton":5},"minecraft:mined":{"minecraft:dark_oak_planks":14,"minecraft:white_bed":2,"regions_unexplored:deepslate_prismoss":16,"minecraft:cherry_log":61,"regions_unexplored:magnolia_log":392,"regions_unexplored:larch_planks":3,"minecraft:granite":31,"minecraft:coal_block":5,"minecraft:deepslate_bricks":33,"minecraft:spawner":29,"minecraft:orange_concrete":2,"minecraft:polished_blackstone_bricks":47,"minecraft:magma_block":1,"regions_unexplored:stone_bud":7,"regions_unexplored:pointed_redstone":2,"minecraft:mossy_cobblestone_stairs":1,"minecraft:dark_oak_trapdoor":4,"minecraft:fire":13,"minecraft:cobbled_deepslate":5,"minecraft:moss_carpet":1,"minecraft:pumpkin":22,"minecraft:fletching_table":20,"minecraft:polished_deepslate_slab":1,"valhelsia_furniture:magenta_fabric_desk_lamp":1,"minecraft:deepslate_brick_stairs":110,"minecraft:spruce_wood":7,"minecraft:stripped_mangrove_wood":7,"minecraft:player_head":1,"minecraft:orange_bed":4,"regions_unexplored:larch_branch":2,"minecraft:brown_mushroom":2,"minecraft:deepslate_brick_wall":6,"regions_unexplored:white_magnolia_leaves":2,"minecraft:soul_fire":1,"minecraft:amethyst_cluster":5,"minecraft:cyan_glazed_terracotta":1,"minecraft:torch":1,"minecraft:blast_furnace":5,"regions_unexplored:peat_grass_block":3,"minecraft:mud_brick_stairs":2,"minecraft:white_stained_glass_pane":14,"minecraft:nether_brick_slab":3,"minecraft:cyan_bed":1,"minecraft:sugar_cane":6,"minecraft:damaged_anvil":1,"minecraft:bricks":1,"gnumus:gnumus_clay_brick":9,"regions_unexplored:tsubaki":2,"regions_unexplored:pine_log":169,"minecraft:cyan_wool":6,"regions_unexplored:hyssop":16,"regions_unexplored:glister_bulb":1,"ecologics:seashell":1,"gnumus:gnumus_clay_block":10,"minecraft:mud":1,"minecraft:wheat":21,"minecraft:magenta_bed":4,"minecraft:stone_brick_stairs":5,"minecraft:grass":95,"minecraft:sandstone_wall":2,"spawn:rotten_log":4,"minecraft:deepslate":88,"regions_unexplored:glistering_sprout":2,"minecraft:light_blue_stained_glass_pane":12,"regions_unexplored:fireweed":13,"minecraft:yellow_terracotta":4,"minecraft:deepslate_tiles":1,"minecraft:dark_prismarine":47,"minecraft:mossy_cobblestone":13,"regions_unexplored:willow_leaves":2,"alexscaves:radrock":12,"minecraft:sea_lantern":1,"minecraft:dark_oak_fence":5,"minecraft:allium":1,"minecraft:spruce_fence":19,"born_in_chaos_v1:black_argillite":10,"minecraft:redstone_wire":1,"minecraft:moss_block":1,"minecraft:pink_wool":1,"cfm:stripped_spruce_chair":4,"minecraft:andesite":1,"regions_unexplored:larch_leaves":169,"minecraft:mossy_stone_brick_stairs":2,"minecraft:potatoes":5,"minecraft:vine":10,"minecraft:smooth_quartz_stairs":1,"gnumus:fragile_gnumus_jug":12,"regions_unexplored:small_oak_log":52,"regions_unexplored:redwood_log":117,"regions_unexplored:day_lily":1,"minecraft:bone_block":65,"minecraft:smithing_table":6,"minecraft:glass_pane":8,"minecraft:stone_brick_slab":13,"minecraft:smooth_sandstone":23,"minecraft:cornflower":2,"rechiseled:cobblestone_stripes":16,"minecraft:emerald_ore":4,"valhelsia_structures:black_glazed_jar":1,"minecraft:campfire":3,"minecraft:tall_grass":5,"regions_unexplored:mauve_log":229,"minecraft:cracked_deepslate_bricks":15,"minecraft:diorite":82,"regions_unexplored:prismarite_cluster":1,"minecraft:red_terracotta":1,"minecraft:spruce_log":78,"minecraft:birch_leaves":3,"minecraft:dark_prismarine_slab":36,"regions_unexplored:sandy_grass":8,"minecraft:gravel":66,"minecraft:stone_bricks":15,"minecraft:gold_ore":1,"minecraft:chipped_anvil":4,"regions_unexplored:magnolia_planks":60,"minecraft:fern":18,"minecraft:waxed_cut_copper_slab":4,"regions_unexplored:willow_shrub":2,"spawn:anthill":1,"regions_unexplored:golden_larch_leaves":87,"minecraft:spruce_planks":80,"minecraft:farmland":13,"regions_unexplored:willow_planks":7,"minecraft:cobbled_deepslate_stairs":1,"minecraft:mossy_stone_brick_slab":2,"minecraft:orange_wool":16,"minecraft:spruce_trapdoor":6,"regions_unexplored:hanging_prismarite":11,"minecraft:grass_block":99,"regions_unexplored:pine_shrub":2,"minecraft:cracked_polished_blackstone_bricks":37,"alexscaves:sulfur":1,"minecraft:white_concrete":1,"minecraft:soul_soil":1,"regions_unexplored:purple_coneflower":1,"gnumus:gnumus_jug":2,"minecraft:composter":9,"regions_unexplored:small_oak_leaves":16,"minecraft:raw_iron_block":21,"minecraft:iron_ore":25,"regions_unexplored:mossy_stone":20,"regions_unexplored:redwood_planks":36,"minecraft:anvil":4,"minecraft:azure_bluet":1,"diagonalfences:minecraft/spruce_fence":1,"minecraft:iron_bars":4,"alexscaves:underweed":1,"epicsamurai:deepslate_silver_ore":1,"regions_unexplored:larch_log":359,"diagonalwindows:valhelsia_structures/metal_framed_glass_pane":10,"minecraft:spruce_slab":7,"minecraft:waxed_cut_copper_stairs":1,"valhelsia_furniture:magenta_upholstered_spruce_chair":1,"minecraft:waxed_cut_copper":9,"regions_unexplored:willow_log":2193,"minecraft:cyan_terracotta":4,"minecraft:blackstone":2,"minecraft:soul_lantern":2,"minecraft:calcite":787,"minecraft:poppy":1,"minecraft:chest":13,"minecraft:nether_quartz_ore":1,"minecraft:cobblestone":13,"minecraft:prismarine":3,"minecraft:grindstone":1,"minecraft:oak_planks":4,"minecraft:iron_door":1,"minecraft:wall_torch":1,"minecraft:pink_petals":2,"minecraft:seagrass":2,"minecraft:stone_stairs":8,"valhelsia_structures:bone_pile":1,"minecraft:dark_oak_slab":3,"regions_unexplored:sandy_tall_grass":1,"minecraft:blue_ice":4,"regions_unexplored:mauve_planks":2,"minecraft:oak_log":3,"minecraft:beetroots":3,"regions_unexplored:peat_dirt":4,"minecraft:sand":37,"minecraft:dirt":129,"alexscaves:unrefined_waste":2,"minecraft:tripwire_hook":1,"minecraft:ancient_debris":1,"minecraft:netherrack":19,"regions_unexplored:prismoss_sprout":6,"minecraft:magenta_wool":10,"minecraft:polished_deepslate_wall":4,"minecraft:oak_leaves":2,"regions_unexplored:glistering_nylium":8,"minecraft:emerald_block":1,"alexscaves:spelunkery_table":3,"minecraft:red_carpet":1,"minecraft:tuff":7,"ecologics:coconut_planks":7,"minecraft:dark_oak_leaves":4,"minecraft:candle":1,"regions_unexplored:oak_branch":1,"minecraft:white_stained_glass":2,"ecologics:coconut_log":21,"regions_unexplored:overgrown_bone_block":4,"minecraft:spruce_leaves":74,"regions_unexplored:pine_planks":12,"minecraft:sandstone":26,"regions_unexplored:large_prismarite_cluster":2,"minecraft:large_fern":3,"alexscaves:radrock_uranium_ore":9,"minecraft:deepslate_brick_slab":11,"minecraft:oak_trapdoor":2,"minecraft:furnace":2,"minecraft:carrots":240,"minecraft:acacia_stairs":2,"minecraft:dark_oak_fence_gate":3,"minecraft:stripped_spruce_log":30,"regions_unexplored:white_magnolia_shrub":1,"minecraft:gold_block":7,"valhelsia_furniture:spruce_desk_drawer":1,"minecraft:bell":1,"minecraft:polished_deepslate":4,"minecraft:bookshelf":135,"minecraft:lantern":13,"minecraft:stripped_acacia_log":2,"minecraft:stripped_oak_log":2,"regions_unexplored:medium_grass":32,"minecraft:stone":325,"minecraft:scaffolding":1,"minecraft:basalt":10,"minecraft:warped_fence":1,"minecraft:oak_fence":1,"rechiseled:oak_planks_bricks":44,"minecraft:crafting_table":19,"minecraft:rose_bush":2,"minecraft:lectern":80,"minecraft:stone_slab":12,"valhelsia_furniture:magenta_upholstered_spruce_stool":1,"mcwwindows:spruce_plank_pane_window":1,"cfm:spruce_cabinet":2,"regions_unexplored:daisy":7,"minecraft:polished_blackstone_brick_stairs":2,"minecraft:spruce_stairs":68,"minecraft:prismarine_bricks":9,"minecraft:sea_pickle":1,"minecraft:polished_blackstone_stairs":1,"valhelsia_furniture:spruce_stool":1,"alexscaves:waste_drum":1,"minecraft:mangrove_slab":1,"minecraft:coal_ore":96,"gnumus:gnumus_clay_brick_slap":1,"minecraft:flower_pot":1,"minecraft:cyan_carpet":2,"minecraft:cracked_stone_bricks":5,"minecraft:terracotta":1,"minecraft:mossy_stone_bricks":4,"ecologics:coconut_seedling":3,"regions_unexplored:larch_shrub":1},"minecraft:picked_up":{"regions_unexplored:pointed_redstone":5,"valhelsia_furniture:magenta_fabric_desk_lamp":1,"minecraft:seagrass":3,"alexscaves:waste_drum":2,"minecraft:chainmail_boots":1,"regions_unexplored:larch_planks":3,"minecraft:flower_pot":1,"minecraft:anvil":4,"minecraft:prismarine_shard":12,"regions_unexplored:magnolia_log":326,"minecraft:smithing_table":6,"minecraft:stone_slab":2,"alexscaves:unrefined_waste":2,"minecraft:enchanted_book":3,"rechiseled:oak_planks_bricks":43,"minecraft:polished_deepslate_wall":4,"minecraft:polished_deepslate":4,"minecraft:polished_blackstone_brick_stairs":2,"minecraft:string":13,"simplyswords:diamond_scythe":1,"minecraft:beetroot":4,"minecraft:diamond_leggings":1,"minecraft:gold_nugget":9,"regions_unexplored:pine_log":119,"minecraft:cobbled_deepslate":119,"minecraft:spruce_planks":64,"regions_unexplored:larch_log":226,"cfm:stripped_spruce_chair":4,"minecraft:enchanted_golden_apple":1,"minecraft:coal_block":5,"regions_unexplored:pine_shrub":1,"simplyswords:soulkeeper":1,"minecraft:composter":11,"minecraft:acacia_log":1,"paraglider:kakariko_goddess_statue":1,"valhelsia_furniture:spruce_desk_drawer":1,"minecraft:golden_axe":2,"minecraft:cherry_log":61,"rechiseled:cobblestone_stripes":16,"regions_unexplored:pink_magnolia_sapling":7,"minecraft:waxed_cut_copper_stairs":1,"gnumus:wrapper_with_goods":3,"minecraft:orange_bed":4,"gnumus:vintage_metal":1,"simplyswords:soulstealer":2,"minecraft:waxed_cut_copper":9,"epicfight:stray_robe":1,"minecraft:iron_bars":4,"simplyswords:thunderbrand":1,"minecraft:magma_block":2,"travelersbackpack:iron_golem":2,"minecraft:feather":9,"minecraft:iron_door":1,"ecologics:coconut_planks":6,"regions_unexplored:white_magnolia_shrub":1,"minecraft:flint":17,"minecraft:magenta_bed":4,"minecraft:lantern":8,"gnumus:gnumus_pouch_2":7,"minecraft:chipped_anvil":4,"regions_unexplored:magnolia_planks":60,"minecraft:diamond_helmet":1,"regions_unexplored:pine_boat":1,"minecraft:moss_block":4,"epicsamurai:raw_silver":1,"simplyswords:storms_edge":1,"regions_unexplored:pine_sapling":27,"minecraft:stripped_spruce_log":26,"minecraft:acacia_stairs":2,"minecraft:dark_oak_log":2,"minecraft:red_terracotta":1,"minecraft:stripped_acacia_log":2,"regions_unexplored:hyssop":9,"minecraft:deepslate":15,"valhelsia_furniture:spruce_stool":1,"minecraft:granite":30,"regions_unexplored:willow_log":1593,"minecraft:bread":16,"minecraft:dark_oak_fence":5,"minecraft:bricks":1,"minecraft:crafting_table":19,"minecraft:diamond_pickaxe":2,"minecraft:mud":1,"minecraft:nether_wart":3,"minecraft:leather_leggings":1,"ecologics:seashell":1,"epicfight:stray_pants":1,"minecraft:cornflower":2,"minecraft:iron_shovel":2,"minecraft:cracked_stone_bricks":1,"minecraft:beef":8,"minecraft:cyan_wool":6,"minecraft:spruce_slab":1,"minecraft:chest":12,"minecraft:sandstone":28,"minecraft:polished_deepslate_slab":1,"gnumus:juicy_meat":10,"alexscaves:geothermal_vent":1,"minecraft:cyan_glazed_terracotta":1,"minecraft:spruce_fence":12,"gnumus:gnumus_clay_brick":7,"cfm:spruce_cabinet":2,"minecraft:mangrove_sign":1,"born_in_chaos_v1:pieceofdarkmetal":3,"minecraft:carrot":775,"minecraft:redstone":2,"minecraft:prismarine_crystals":1,"regions_unexplored:purple_coneflower":4,"minecraft:diamond_chestplate":1,"regions_unexplored:mauve_sapling":86,"minecraft:beetroot_seeds":10,"minecraft:deepslate_bricks":23,"minecraft:diamond_boots":1,"artifacts:snowshoes":1,"minecraft:hay_block":6,"minecraft:yellow_terracotta":3,"minecraft:cracked_deepslate_bricks":6,"minecraft:gold_ingot":1,"regions_unexplored:willow_planks":178,"gnumus:mouse_skin":36,"minecraft:glow_berries":9,"minecraft:mutton":5,"minecraft:white_wool":2,"minecraft:bone_block":69,"minecraft:stripped_oak_log":2,"born_in_chaos_v1:monster_flesh":1,"alexscaves:sulfur_dust":11,"gnumus:gnumus_pouch":4,"minecraft:filled_map":4,"minecraft:oak_log":9,"minecraft:ancient_debris":4,"alexscaves:charred_remnant":1,"minecraft:paper":51,"minecraft:apple":16,"minecraft:stone_bricks":14,"minecraft:spore_blossom":1,"regions_unexplored:redwood_sapling":28,"regions_unexplored:larch_sapling":82,"minecraft:iron_sword":1,"mcwwindows:spruce_plank_pane_window":1,"regions_unexplored:white_magnolia_sapling":4,"minecraft:sweet_berries":8,"minecraft:red_wool":1,"born_in_chaos_v1:ethereal_spirit":1,"minecraft:gravel":57,"gnumus:gnumus_cheese":2,"epicfight:uchigatana":1,"minecraft:spruce_sapling":4,"minecraft:spruce_log":59,"minecraft:slime_ball":1,"regions_unexplored:fireweed":23,"minecraft:diamond_axe":1,"minecraft:painting":1,"minecraft:ender_pearl":3,"minecraft:wheat":14,"gnumus:gnumus_claw":15,"artifacts:umbrella":3,"alexscaves:cave_tablet":1,"minecraft:stone_brick_stairs":2,"born_in_chaos_v1:black_argillite":16,"regions_unexplored:prismarite_cluster":1,"minecraft:raw_copper":1,"gnumus:packaged_goods":4,"minecraft:rose_bush":3,"minecraft:calcite":665,"simplyswords:molten_edge":1,"regions_unexplored:redwood_log":84,"minecraft:furnace":1,"minecraft:tipped_arrow":2,"minecraft:stick":577,"minecraft:oak_fence":1,"minecraft:torch":11,"ecologics:coconut_seedling":6,"minecraft:spruce_stairs":61,"epicfight:skillbook":8,"aether:golden_gloves":3,"minecraft:diorite":71,"gnumus:grilled_juicy_meat":3,"regions_unexplored:daisy":10,"gnumus:gnumus_clay_brick_slap":1,"minecraft:rotten_flesh":50,"regions_unexplored:tsubaki":4,"regions_unexplored:mauve_log":237,"regions_unexplored:blue_magnolia_sapling":26,"ecologics:coconut_log":22,"gnumus:gnumus_chickpeas":5,"aether:iron_ring":1,"minecraft:deepslate_brick_stairs":71,"regions_unexplored:magnolia_sapling":5,"minecraft:cod":4,"minecraft:cobblestone":382,"regions_unexplored:golden_larch_sapling":26,"minecraft:pink_petals":7,"gnumus:gnumus_doubloons":40,"gnumus:overripe_carrot":31,"minecraft:mud_brick_stairs":2,"minecraft:potato":25,"paraglider:spirit_orb":61,"alexscaves:cave_book":1,"minecraft:tuff":7,"minecraft:prismarine_bricks":2,"minecraft:dirt":142,"minecraft:name_tag":1,"born_in_chaos_v1:monster_skin":1,"minecraft:leather_boots":1,"minecraft:bone":52,"minecraft:bow":2,"minecraft:wheat_seeds":120,"valhelsia_structures:metal_framed_glass_pane":11,"minecraft:deepslate_brick_slab":8,"minecraft:raw_gold":3,"minecraft:bell":1,"minecraft:grindstone":1,"regions_unexplored:larch_shrub":1,"minecraft:mossy_stone_bricks":2,"minecraft:fletching_table":20,"minecraft:prismarine":2,"minecraft:oak_planks":3,"regions_unexplored:larch_door":1,"regions_unexplored:pine_planks":11,"alexscaves:uranium":9,"minecraft:sand":33,"minecraft:cyan_bed":1,"valhelsia_furniture:magenta_upholstered_spruce_chair":1,"minecraft:orange_wool":16,"minecraft:mossy_cobblestone":17,"minecraft:dark_prismarine":33,"regions_unexplored:mauve_planks":5,"minecraft:dark_prismarine_slab":36,"gnumus:vintage_parts":2,"regions_unexplored:willow_shrub":2,"minecraft:soul_lantern":2,"gnumus:gnumus_clay":73,"minecraft:cracked_polished_blackstone_bricks":35,"minecraft:bone_meal":1,"minecraft:golden_apple":3,"minecraft:white_concrete":1,"minecraft:emerald":104,"minecraft:netherrack":13,"minecraft:charcoal":2,"gnumus:gnumus_totem":1,"minecraft:allium":1,"minecraft:azure_bluet":1,"born_in_chaos_v1:river_mint":1,"minecraft:chicken":9,"minecraft:ladder":10,"minecraft:brown_mushroom":2,"minecraft:wooden_pickaxe":2,"minecraft:pink_wool":3,"minecraft:gold_block":7,"minecraft:shield":2,"alexscaves:cave_codex":1,"minecraft:oak_trapdoor":2,"minecraft:moss_carpet":1,"minecraft:iron_axe":1,"minecraft:orange_concrete":1,"minecraft:cyan_carpet":2,"minecraft:warped_fence":1,"minecraft:magenta_wool":12,"minecraft:blackstone":2,"simplyswords:runic_tablet":1,"minecraft:candle":2,"farmersdelight:straw":1,"minecraft:lectern":80,"regions_unexplored:redwood_planks":36,"minecraft:sugar_cane":12,"minecraft:raw_iron":32,"mythicmounts:summoning_staff":1,"minecraft:stripped_mangrove_wood":7,"ecologics:coconut_slice":4,"regions_unexplored:redwood_boat":5,"minecraft:copper_ingot":1,"minecraft:polished_blackstone_bricks":42,"minecraft:trident":1,"minecraft:dark_oak_planks":13,"minecraft:arrow":36,"alexscaves:spelunkery_table":3,"minecraft:glistering_melon_slice":5,"gnumus:gnumus_pouch_3":2,"regions_unexplored:peat_dirt":3,"born_in_chaos_v1:corpse_maggot":7,"minecraft:basalt":9,"minecraft:golden_carrot":44,"regions_unexplored:hanging_prismarite":6,"minecraft:leather":6,"valhelsia_furniture:magenta_upholstered_spruce_stool":1,"minecraft:cobbled_deepslate_stairs":1,"minecraft:gunpowder":8,"regions_unexplored:small_oak_sapling":2,"minecraft:red_carpet":1,"gnumus:gnumus_jug":3,"minecraft:smooth_sandstone":5,"regions_unexplored:large_prismarite_cluster":3,"gnumus:gnumus_horn":1,"minecraft:iron_ingot":22,"minecraft:rabbit_hide":3,"minecraft:spruce_wood":16,"alexscaves:radrock":18,"artifacts:kitty_slippers":1,"minecraft:book":418,"wom:agony":1,"minecraft:sculk_catalyst":1,"minecraft:scaffolding":1,"minecraft:emerald_block":1,"minecraft:pumpkin":22,"regions_unexplored:willow_sapling":346,"minecraft:quartz":1,"minecraft:dripstone_block":3,"minecraft:raw_iron_block":21,"minecraft:amethyst_shard":20,"born_in_chaos_v1:dark_rod":1,"minecraft:blast_furnace":5,"minecraft:white_bed":2,"minecraft:dark_oak_fence_gate":3,"minecraft:spider_eye":1,"minecraft:chainmail_leggings":1,"simplyswords:icewhisper":1,"minecraft:cherry_sapling":39,"minecraft:terracotta":1,"minecraft:damaged_anvil":1,"minecraft:coal":166,"regions_unexplored:small_oak_log":48}},"DataVersion":3465}