{"stats":{"minecraft:killed":{"minecraft:cave_spider":1,"minecraft:zombified_piglin":2,"minecraft:witch":4,"born_in_chaos_v1:restless_spirit":3,"minecraft:spider":15,"born_in_chaos_v1:siamese_skeletonsright":1,"minecraft:skeleton":28,"minecraft:silverfish":3,"minecraft:piglin_brute":1,"minecraft:magma_cube":11,"minecraft:piglin":3,"minecraft:zombie_villager":1,"minecraft:creeper":1,"minecraft:sheep":1,"minecraft:pillager":13,"minecraft:zombie":31,"born_in_chaos_v1:corpse_fly":1,"born_in_chaos_v1:siamese_skeletonsleft":1,"minecraft:allay":1,"minecraft:slime":7,"born_in_chaos_v1:maggot":6,"minecraft:phantom":3,"gnumus:gnumus_worker":1,"alexsmobs:blue_jay":1,"gnumus:gnumus_hunter":1,"gnumus:gnumus_hunter_not_dispawn":2,"naturalist:butterfly":1,"born_in_chaos_v1:decrepit_skeleton":1,"naturalist:sparrow":1},"minecraft:custom":{"minecraft:interact_with_crafting_table":54,"minecraft:open_barrel":93,"minecraft:bell_ring":1,"minecraft:eat_cake_slice":8,"minecraft:leave_game":7,"minecraft:time_since_death":69840,"minecraft:sprint_one_cm":1361243,"minecraft:drop":140,"minecraft:play_noteblock":15,"minecraft:talked_to_villager":3,"minecraft:play_time":295669,"minecraft:deaths":17,"minecraft:jump":4565,"minecraft:walk_on_water_one_cm":37928,"minecraft:interact_with_furnace":47,"minecraft:interact_with_loom":6,"minecraft:sleep_in_bed":11,"minecraft:waystone_activated":3,"minecraft:damage_dealt":25562,"minecraft:crouch_one_cm":64562,"minecraft:interact_with_smoker":11,"minecraft:inspect_dispenser":6,"minecraft:horse_one_cm":9423,"minecraft:inspect_dropper":3,"minecraft:interact_with_anvil":1,"minecraft:mob_kills":150,"minecraft:interact_with_campfire":5,"minecraft:damage_dealt_resisted":1485,"minecraft:climb_one_cm":67684,"minecraft:walk_one_cm":1332365,"minecraft:damage_dealt_absorbed":358,"minecraft:sneak_time":11241,"minecraft:walk_under_water_one_cm":22365,"minecraft:interact_with_blast_furnace":2,"minecraft:total_world_time":295669,"minecraft:tune_noteblock":3,"minecraft:interact_with_grindstone":1,"minecraft:interact_with_stonecutter":1,"minecraft:time_since_rest":11985,"minecraft:damage_absorbed":118,"minecraft:damage_taken":8917,"minecraft:minecart_one_cm":17,"minecraft:swim_one_cm":109989,"minecraft:fly_one_cm":2178736,"minecraft:open_chest":168,"minecraft:fish_caught":1,"minecraft:fall_one_cm":231608},"minecraft:used":{"farmersdelight:onion_crate":1,"minecraft:iron_shovel":24,"minecraft:ladder":13,"minecraft:chest":2,"ecologics:coconut_planks":3,"regions_unexplored:glistering_sprout":1,"minecraft:carrot":6,"minecraft:pink_terracotta":11,"minecraft:obsidian":13,"minecraft:stripped_spruce_log":2,"minecraft:polished_deepslate_stairs":1,"minecraft:bricks":3,"minecraft:spruce_wood":63,"minecraft:stone_bricks":7,"minecraft:birch_trapdoor":4,"minecraft:bow":3,"minecraft:oak_sapling":1,"minecraft:furnace":5,"minecraft:mangrove_slab":1,"minecraft:potato":3,"epicfight:skillbook":29,"regions_unexplored:redwood_sapling":1,"minecraft:oak_planks":127,"simplyswords:iron_rapier":89,"minecraft:blackstone_stairs":2,"minecraft:jungle_fence":1,"minecraft:blackstone":5,"minecraft:ender_pearl":1,"minecraft:sandstone":1,"travelersbackpack:iron_golem":4,"minecraft:diamond_axe":46,"minecraft:oak_leaves":161,"minecraft:smooth_quartz_stairs":14,"minecraft:stripped_mangrove_wood":5,"minecraft:white_wool":3,"minecraft:golden_apple":4,"minecraft:dark_oak_trapdoor":3,"regions_unexplored:redwood_planks":54,"simplyswords:diamond_claymore":149,"minecraft:crossbow":8,"minecraft:shears":235,"minecraft:deepslate_brick_stairs":20,"regions_unexplored:fireweed":1,"regions_unexplored:redwood_log":17,"minecraft:firework_rocket":2,"minecraft:crying_obsidian":4,"minecraft:dark_oak_log":2,"minecraft:bread":3,"minecraft:string":6,"ecologics:coconut_slice":2,"minecraft:fire_charge":1,"minecraft:coal_block":1,"minecraft:chainmail_boots":1,"minecraft:grindstone":2,"minecraft:chain":2,"minecraft:oak_boat":1,"gnumus:juicy_meat":1,"minecraft:experience_bottle":2,"born_in_chaos_v1:ethereal_spirit":1,"simpletomb:grave_key":18,"minecraft:torch":87,"minecraft:dirt":4,"farmersdelight:flint_knife":4,"minecraft:salmon_bucket":4,"minecraft:polished_granite_slab":1,"minecraft:granite":2,"minecraft:spruce_fence":4,"minecraft:dark_oak_planks":15,"simplyswords:diamond_scythe":159,"minecraft:iron_axe":38,"minecraft:polished_deepslate_wall":6,"simplyswords:diamond_greathammer":2,"minecraft:basalt":8,"minecraft:golden_carrot":10,"minecraft:raw_copper_block":1,"minecraft:waxed_cut_copper_slab":4,"regions_unexplored:larch_planks":13,"ecologics:coconut_boat":1,"minecraft:acacia_wood":1,"simplyswords:soulstealer":4,"minecraft:cooked_beef":11,"minecraft:calcite":14,"minecraft:water_bucket":6,"regions_unexplored:redwood_leaves":10,"minecraft:baked_potato":28,"regions_unexplored:larch_boat":1,"minecraft:deepslate_bricks":3,"minecraft:polished_blackstone_bricks":1,"minecraft:cracked_stone_bricks":3,"regions_unexplored:corpse_flower":1,"minecraft:mossy_cobblestone":13,"minecraft:terracotta":5,"minecraft:oak_slab":18,"minecraft:crafting_table":7,"minecraft:white_bed":9,"minecraft:cod":1,"minecraft:spruce_log":10,"simplyswords:watching_warglaive":16,"minecraft:diamond_pickaxe":166,"minecraft:apple":29,"minecraft:cracked_polished_blackstone_bricks":9,"minecraft:iron_pickaxe":77,"minecraft:fishing_rod":5,"minecraft:cobblestone":14,"travelersbackpack:standard":7,"minecraft:cooked_porkchop":13,"minecraft:bucket":8,"minecraft:pumpkin_pie":4,"alexsmobs:animal_dictionary":2},"minecraft:broken":{"minecraft:shears":1,"minecraft:iron_helmet":1},"minecraft:dropped":{"minecraft:brown_mushroom":1,"minecraft:porkchop":11,"minecraft:polished_granite_slab":2,"minecraft:oak_log":4,"gnumus:overripe_carrot":3,"gnumus:gnumus_clay_brick_slap":1,"minecraft:leather":6,"travelersbackpack:standard":1,"gnumus:mouse_skin":12,"paraglider:spirit_orb":4,"minecraft:item_frame":1,"minecraft:emerald":15,"born_in_chaos_v1:monster_flesh":1,"minecraft:cracked_polished_blackstone_bricks":5,"born_in_chaos_v1:monster_skin":1,"gnumus:gnumus_claw":4,"minecraft:dispenser":1,"minecraft:mutton":1,"minecraft:gold_nugget":6,"minecraft:sand":11,"minecraft:polished_blackstone_bricks":6,"minecraft:sugar":2,"travelersbackpack:backpack_tank":4,"minecraft:fishing_rod":1,"minecraft:mangrove_slab":4,"minecraft:bone":21,"minecraft:gold_ingot":5,"minecraft:oak_door":1,"minecraft:blackstone":3,"alexsmobs:animal_dictionary":1,"alexscaves:cave_tablet":7,"aether:golden_gloves":1,"minecraft:birch_sapling":1,"minecraft:wheat":4,"born_in_chaos_v1:ethereal_spirit":4,"minecraft:rotten_flesh":32,"patchouli:guide_book":1,"regions_unexplored:mycotoxic_grass":2,"minecraft:oak_fence_gate":3,"simplyswords:soulstealer":1,"artifacts:umbrella":1,"minecraft:charcoal":2,"born_in_chaos_v1:corpse_maggot":3,"ecologics:coconut_husk":2,"minecraft:chainmail_boots":2,"minecraft:spruce_wood":75,"minecraft:enchanted_book":2,"regions_unexplored:fireweed":4,"minecraft:wheat_seeds":5,"minecraft:dripstone_block":3,"minecraft:prismarine_crystals":3,"minecraft:apple":3,"minecraft:coal":2,"minecraft:stick":5,"minecraft:deepslate_brick_stairs":18,"minecraft:black_candle":1,"minecraft:torch":23,"born_in_chaos_v1:fused_bone":1,"minecraft:cooked_salmon":1,"simplyswords:iron_rapier":1,"minecraft:iron_axe":1,"minecraft:string":1,"minecraft:bucket":2,"minecraft:raw_iron":16,"minecraft:chicken":3,"minecraft:stone_slab":6,"regions_unexplored:hyssop":5,"minecraft:spruce_fence":7,"minecraft:filled_map":1,"minecraft:potato":1,"minecraft:shield":1,"gnumus:gnumus_clay":7,"minecraft:spruce_trapdoor":3,"minecraft:iron_chestplate":1,"minecraft:spider_eye":5,"gnumus:gnumus_cheese":1,"simplyswords:diamond_scythe":1,"artifacts:snowshoes":1,"epicfight:skillbook":11},"minecraft:crafted":{"minecraft:oak_planks":164,"regions_unexplored:larch_planks":88,"aether:golden_ring":1,"minecraft:glass":12,"minecraft:chest":2,"regions_unexplored:larch_boat":1,"minecraft:emerald":9,"minecraft:cooked_porkchop":11,"minecraft:diamond_axe":1,"minecraft:crafting_table":5,"minecraft:spruce_planks":16,"minecraft:baked_potato":28,"minecraft:iron_helmet":1,"minecraft:iron_chestplate":1,"minecraft:stick":80,"minecraft:iron_ingot":64,"minecraft:iron_pickaxe":1,"minecraft:gold_ingot":18,"minecraft:shears":1,"minecraft:raw_iron":64,"minecraft:coal":63,"ecologics:coconut_planks":8,"minecraft:furnace":2,"minecraft:iron_axe":1,"minecraft:ladder":24,"minecraft:dark_oak_planks":12,"ecologics:coconut_boat":1,"travelersbackpack:backpack_tank":2,"minecraft:air":0,"regions_unexplored:redwood_planks":108,"minecraft:oak_boat":1,"minecraft:golden_apple":3,"minecraft:iron_shovel":1,"minecraft:torch":76},"minecraft:killed_by":{"naturalist:rattlesnake":1,"minecraft:piglin_brute":7,"born_in_chaos_v1:nightmare_stalker":1,"alexsmobs:straddler":2,"alexsmobs:crocodile":1,"minecraft:player":1},"minecraft:picked_up":{"alexscaves:cave_tablet":7,"minecraft:stone_slab":6,"gnumus:gnumus_claw":4,"artifacts:umbrella":1,"regions_unexplored:glistering_sprout":1,"minecraft:oak_stairs":4,"minecraft:enchanted_book":1,"minecraft:polished_deepslate_wall":6,"minecraft:string":28,"minecraft:dark_oak_trapdoor":3,"minecraft:waxed_cut_copper_slab":4,"minecraft:cooked_salmon":1,"minecraft:red_nether_bricks":21,"simplyswords:diamond_scythe":1,"minecraft:gold_nugget":7,"minecraft:cobbled_deepslate":7,"minecraft:spruce_planks":11,"regions_unexplored:larch_log":22,"minecraft:calcite":14,"regions_unexplored:redwood_log":44,"minecraft:coal_block":8,"minecraft:furnace":3,"minecraft:smooth_quartz_stairs":14,"minecraft:tipped_arrow":7,"minecraft:stick":18,"regions_unexplored:corpse_flower":1,"minecraft:birch_trapdoor":4,"minecraft:polished_deepslate_stairs":1,"minecraft:oak_fence":4,"minecraft:torch":31,"minecraft:spruce_stairs":9,"epicfight:skillbook":10,"minecraft:porkchop":11,"minecraft:pointed_dripstone":6,"aether:golden_gloves":1,"minecraft:pink_terracotta":66,"minecraft:cauldron":1,"minecraft:brown_carpet":1,"gnumus:gnumus_clay_brick_slap":1,"minecraft:rotten_flesh":38,"simplyswords:soulstealer":1,"ecologics:coconut_log":2,"minecraft:deepslate_brick_stairs":39,"minecraft:blackstone_stairs":2,"minecraft:cod":1,"minecraft:cobblestone":35,"travelersbackpack:iron_golem":6,"gnumus:overripe_carrot":3,"minecraft:potato":46,"paraglider:spirit_orb":62,"minecraft:dirt":4,"minecraft:mangrove_slab":5,"minecraft:lantern":3,"gnumus:gnumus_pouch_2":2,"born_in_chaos_v1:monster_skin":1,"minecraft:bone":23,"travelersbackpack:backpack_tank":2,"minecraft:wheat_seeds":5,"minecraft:grindstone":2,"minecraft:glowstone_dust":2,"minecraft:oak_planks":1,"artifacts:rooted_boots":1,"minecraft:sand":23,"minecraft:stripped_spruce_log":5,"minecraft:mossy_cobblestone":16,"minecraft:dark_oak_log":2,"regions_unexplored:redwood_leaves":10,"regions_unexplored:hyssop":5,"minecraft:dispenser":2,"minecraft:diamond":3,"gnumus:gnumus_clay":7,"minecraft:polished_granite_slab":3,"minecraft:cracked_polished_blackstone_bricks":14,"regions_unexplored:redwood_shrub":1,"minecraft:granite":2,"minecraft:grass":1,"minecraft:emerald":26,"minecraft:oak_leaves":161,"minecraft:oak_sapling":1,"minecraft:netherrack":4,"minecraft:bricks":3,"minecraft:charcoal":8,"minecraft:crafting_table":3,"regions_unexplored:mycotoxic_grass":4,"minecraft:chicken":3,"minecraft:ladder":6,"minecraft:brown_mushroom":1,"minecraft:gold_block":2,"minecraft:chain":2,"minecraft:shield":1,"minecraft:oak_trapdoor":9,"minecraft:item_frame":1,"regions_unexplored:medium_grass":1,"minecraft:blackstone":8,"minecraft:cracked_stone_bricks":3,"regions_unexplored:redwood_planks":4,"minecraft:birch_sapling":1,"minecraft:spruce_trapdoor":3,"minecraft:phantom_membrane":11,"minecraft:raw_copper_block":1,"minecraft:sandstone":1,"minecraft:raw_iron":16,"minecraft:stripped_mangrove_wood":14,"minecraft:oak_door":1,"ecologics:coconut_slice":2,"gnumus:juicy_meat":2,"minecraft:spruce_fence":11,"gnumus:gnumus_clay_brick":2,"minecraft:polished_blackstone_bricks":7,"minecraft:carrot":11,"minecraft:redstone":2,"minecraft:dark_oak_planks":7,"minecraft:arrow":19,"minecraft:deepslate_bricks":3,"minecraft:hay_block":3,"minecraft:cracked_deepslate_bricks":1,"minecraft:gold_ingot":5,"gnumus:mouse_skin":12,"minecraft:glow_berries":3,"minecraft:mutton":5,"minecraft:white_wool":1,"born_in_chaos_v1:fused_bone":1,"minecraft:stripped_oak_log":9,"born_in_chaos_v1:corpse_maggot":3,"minecraft:basalt":8,"minecraft:golden_carrot":44,"born_in_chaos_v1:monster_flesh":1,"minecraft:leather":3,"minecraft:fern":2,"minecraft:jungle_fence":1,"minecraft:acacia_wood":1,"gnumus:gnumus_pouch":1,"minecraft:oak_log":36,"minecraft:gunpowder":2,"minecraft:paper":4,"minecraft:smooth_sandstone":24,"minecraft:red_carpet":2,"minecraft:apple":4,"minecraft:stone_bricks":7,"regions_unexplored:redwood_sapling":1,"minecraft:spruce_wood":86,"minecraft:iron_ingot":2,"minecraft:oak_fence_gate":3,"minecraft:oak_slab":48,"minecraft:black_candle":1,"minecraft:emerald_block":1,"born_in_chaos_v1:ethereal_spirit":5,"minecraft:raw_iron_block":8,"minecraft:dripstone_block":3,"gnumus:gnumus_cheese":1,"minecraft:white_bed":9,"minecraft:spruce_log":2,"minecraft:crying_obsidian":4,"minecraft:spider_eye":5,"simplyswords:diamond_greathammer":1,"travelersbackpack:standard":2,"minecraft:slime_ball":4,"regions_unexplored:fireweed":5,"minecraft:terracotta":5,"regions_unexplored:larch_boat":1,"minecraft:coal":54},"minecraft:mined":{"minecraft:dark_oak_planks":15,"minecraft:polished_granite_slab":2,"minecraft:waxed_cut_copper_slab":9,"regions_unexplored:palm_shrub":1,"valhelsia_structures:hanging_vines":1,"minecraft:spruce_planks":19,"minecraft:white_bed":9,"minecraft:cobbled_deepslate_stairs":2,"minecraft:red_nether_bricks":21,"minecraft:spruce_trapdoor":3,"regions_unexplored:larch_planks":1,"minecraft:granite":2,"travelersbackpack:iron_golem":6,"minecraft:stone_brick_wall":1,"minecraft:grass_block":1,"minecraft:cracked_polished_blackstone_bricks":15,"minecraft:deepslate_bricks":4,"minecraft:coal_block":9,"minecraft:mud_bricks":1,"realmrpg_skeletons:dungeon_crawler_skeleton":1,"minecraft:gilded_blackstone":1,"minecraft:spawner":31,"minecraft:polished_blackstone_bricks":9,"minecraft:raw_iron_block":8,"minecraft:magma_block":2,"minecraft:mossy_cobblestone_stairs":1,"minecraft:dark_oak_trapdoor":9,"minecraft:cobbled_deepslate":16,"minecraft:fire":5,"regions_unexplored:redwood_planks":3,"minecraft:dark_oak_stairs":5,"minecraft:water_cauldron":1,"minecraft:oak_stairs":9,"minecraft:iron_bars":2,"minecraft:deepslate_brick_stairs":21,"minecraft:spruce_wood":106,"regions_unexplored:larch_log":29,"minecraft:stripped_mangrove_wood":15,"minecraft:spruce_slab":1,"minecraft:tripwire":12,"valhelsia_structures:big_glazed_jar":2,"valhelsia_structures:explorers_tent":1,"minecraft:blackstone":3,"minecraft:polished_deepslate_stairs":3,"regions_unexplored:corpse_flower":1,"minecraft:torch":2,"regions_unexplored:peat_grass_block":1,"minecraft:calcite":14,"minecraft:mud_brick_stairs":3,"minecraft:white_stained_glass_pane":1,"minecraft:nether_brick_slab":7,"minecraft:cobblestone":22,"minecraft:slime_block":1,"realmrpg_skeletons:thief_skeleton":1,"minecraft:grindstone":2,"minecraft:oak_planks":1,"minecraft:bricks":3,"gnumus:gnumus_clay_brick":3,"minecraft:wall_torch":5,"minecraft:stone_stairs":4,"minecraft:chain":2,"regions_unexplored:hyssop":1,"realmrpg_skeletons:bow_skeleton":1,"minecraft:birch_trapdoor":6,"minecraft:tnt":1,"valhelsia_structures:hanging_vines_body":2,"minecraft:stone_brick_stairs":2,"minecraft:yellow_stained_glass_pane":2,"minecraft:grass":15,"minecraft:oak_log":58,"minecraft:oak_fence_gate":8,"minecraft:sand":23,"minecraft:dirt":5,"minecraft:raw_copper_block":1,"minecraft:dispenser":2,"minecraft:netherrack":4,"minecraft:polished_deepslate_wall":12,"minecraft:oak_leaves":226,"minecraft:emerald_block":1,"regions_unexplored:fireweed":4,"regions_unexplored:glistering_sprout":1,"minecraft:light_blue_stained_glass_pane":1,"minecraft:crying_obsidian":5,"minecraft:diamond_ore":1,"minecraft:light_gray_stained_glass_pane":2,"minecraft:mossy_cobblestone":20,"farmersdelight:wild_carrots":1,"minecraft:dark_oak_log":6,"minecraft:ladder":2,"minecraft:spruce_fence":9,"minecraft:brick_stairs":14,"ecologics:coconut_log":2,"minecraft:spruce_leaves":2,"minecraft:sandstone":1,"minecraft:large_fern":1,"valhelsia_structures:brown_sleeping_bag":1,"minecraft:hay_block":4,"minecraft:black_stained_glass_pane":3,"minecraft:oak_trapdoor":12,"minecraft:furnace":3,"minecraft:acacia_wood":1,"minecraft:andesite":8,"minecraft:stripped_spruce_log":5,"regions_unexplored:redwood_branch":1,"regions_unexplored:larch_leaves":127,"minecraft:gold_block":2,"minecraft:polished_deepslate":26,"minecraft:lantern":2,"minecraft:stripped_oak_log":21,"regions_unexplored:medium_grass":8,"minecraft:smooth_quartz_stairs":14,"gnumus:fragile_gnumus_jug":3,"regions_unexplored:redwood_log":46,"minecraft:stone":92,"minecraft:pink_terracotta":66,"minecraft:podzol":4,"valhelsia_structures:purple_glazed_jar":1,"regions_unexplored:redwood_shrub":2,"valhelsia_structures:stone":3,"minecraft:oak_slab":131,"minecraft:glass_pane":2,"minecraft:brown_carpet":1,"minecraft:stripped_dark_oak_log":1,"minecraft:basalt":1,"minecraft:stone_brick_slab":1,"travelersbackpack:standard":1,"minecraft:smooth_sandstone":27,"minecraft:oak_fence":18,"minecraft:crafting_table":3,"valhelsia_structures:big_blue_glazed_jar":1,"minecraft:emerald_ore":8,"minecraft:campfire":4,"minecraft:stone_slab":3,"minecraft:lapis_ore":2,"minecraft:polished_blackstone_brick_stairs":1,"minecraft:cracked_deepslate_bricks":1,"minecraft:spruce_stairs":28,"minecraft:birch_planks":1,"minecraft:spruce_log":9,"minecraft:birch_leaves":9,"minecraft:jungle_fence":1,"regions_unexplored:redwood_leaves":16,"regions_unexplored:sandy_grass":3,"minecraft:mangrove_slab":9,"minecraft:coal_ore":10,"gnumus:gnumus_clay_brick_slap":1,"minecraft:gravel":1,"minecraft:cobweb":2,"minecraft:cracked_stone_bricks":4,"minecraft:terracotta":6,"minecraft:stone_bricks":7,"regions_unexplored:glistering_ivy_plant":1,"minecraft:mossy_stone_bricks":1,"minecraft:fern":5}},"DataVersion":3465}