{"stats":{"minecraft:killed":{"alexsmobs:lobster":1,"born_in_chaos_v1:restless_spirit":2,"born_in_chaos_v1:zombie_lumberjack":1,"born_in_chaos_v1:skeleton_demoman":1,"born_in_chaos_v1:door_knight_not_despawn":1,"mythicmounts:dragon":1,"born_in_chaos_v1:pumpkin_spirit":1,"alexsmobs:murmur":1,"born_in_chaos_v1:siamese_skeletonsright":1,"born_in_chaos_v1:baby_skeleton_minion":2,"minecraft:skeleton":75,"alexscaves:radgill":1,"ecologics:coconut_crab":1,"born_in_chaos_v1:skeleton_thrasher":1,"minecraft:magma_cube":18,"alexscaves:gammaroach":1,"minecraft:pillager":31,"minecraft:zombie":31,"born_in_chaos_v1:corpse_fly":3,"minecraft:cow":2,"alexscaves:brainiac":7,"minecraft:vindicator":1,"gnumus:gnumus_hunter":3,"gnumus:gnumus_hunter_not_dispawn":5,"minecraft:husk":1,"epicsamurai:akaname":1,"minecraft:frog":1,"born_in_chaos_v1:decrepit_skeleton":4,"hpm:swashbuckler":1,"born_in_chaos_v1:dark_vortex":1,"born_in_chaos_v1:zombie_clown":1,"minecraft:spider":7,"endermanoverhaul:dark_oak_enderman":1,"gnumus:pitcher_mousse":14,"minecraft:silverfish":36,"minecraft:piglin_brute":17,"born_in_chaos_v1:firelight_not_despawn":8,"minecraft:piglin":18,"born_in_chaos_v1:bonescaller":1,"minecraft:pig":1,"gnumus:gnumus_shaman":1,"minecraft:zombie_villager":2,"born_in_chaos_v1:diamond_termite":4,"minecraft:creeper":8,"gnumus:marsupial_mousse":4,"cataclysm:deepling_brute":1,"born_in_chaos_v1:dread_hound":7,"minecraft:ghast":1,"alexsmobs:fly":1,"born_in_chaos_v1:siamese_skeletonsleft":1,"born_in_chaos_v1:zombie_clown_not_despawn":1,"minecraft:slime":21,"alexscaves:nucleeper":1,"born_in_chaos_v1:zombie_bruiser":3,"born_in_chaos_v1:maggot":19,"minecraft:phantom":2,"gnumus:gnumus_worker":6,"born_in_chaos_v1:siamese_skeletons":1,"born_in_chaos_v1:baby_skeleton":2,"minecraft:hoglin":1,"born_in_chaos_v1:decaying_zombie":2,"minecraft:wither_skeleton":9,"minecraft:player":18,"minecraft:villager":3},"minecraft:custom":{"minecraft:interact_with_crafting_table":69,"minecraft:open_barrel":181,"minecraft:bell_ring":1,"minecraft:eat_cake_slice":1,"minecraft:leave_game":34,"minecraft:time_since_death":163923,"minecraft:damage_blocked_by_shield":190,"minecraft:play_time":1204700,"minecraft:deaths":24,"minecraft:jump":12148,"minecraft:interact_with_furnace":24,"minecraft:traded_with_villager":6,"minecraft:sleep_in_bed":25,"minecraft:damage_dealt":65326,"minecraft:inspect_dispenser":6,"minecraft:horse_one_cm":37523,"minecraft:interact_with_smithing_table":6,"minecraft:interact_with_anvil":12,"minecraft:target_hit":1,"minecraft:damage_dealt_absorbed":2483,"minecraft:sneak_time":70299,"minecraft:interact_with_lectern":1,"minecraft:interact_with_blast_furnace":4,"minecraft:total_world_time":1204700,"minecraft:tune_noteblock":45,"minecraft:time_since_rest":17965,"minecraft:swim_one_cm":229542,"minecraft:fly_one_cm":4520779,"minecraft:open_chest":386,"minecraft:fall_one_cm":603663,"minecraft:damage_resisted":386,"minecraft:sprint_one_cm":4280078,"minecraft:drop":240,"minecraft:talked_to_villager":201,"minecraft:walk_on_water_one_cm":131592,"minecraft:interact_with_loom":13,"minecraft:open_enderchest":1,"minecraft:player_kills":19,"minecraft:crouch_one_cm":492966,"minecraft:mob_kills":430,"minecraft:damage_dealt_resisted":7024,"minecraft:climb_one_cm":106043,"minecraft:walk_one_cm":6295695,"minecraft:raid_win":1,"minecraft:walk_under_water_one_cm":145216,"minecraft:boat_one_cm":590486,"minecraft:raid_trigger":2,"minecraft:damage_taken":26951,"minecraft:trigger_trapped_chest":9},"minecraft:used":{"minecraft:peony":1,"minecraft:beetroot":5,"mcwwindows:spruce_plank_pane_window":20,"minecraft:spruce_slab":116,"minecraft:chest":3,"ecologics:coconut_planks":28,"regions_unexplored:mauve_sapling":3,"minecraft:snowball":8,"minecraft:spruce_boat":3,"minecraft:lava_bucket":17,"minecraft:dark_oak_slab":1,"rechiseled:oak_planks_small_bricks":5,"minecraft:bow":69,"minecraft:cooked_cod":24,"minecraft:mossy_stone_bricks":14,"minecraft:spruce_door":3,"minecraft:prismarine":1,"minecraft:wooden_pickaxe":15,"minecraft:mossy_stone_brick_stairs":1,"minecraft:stripped_mangrove_wood":11,"minecraft:sand":10,"regions_unexplored:redwood_planks":34,"rechiseled:oak_planks_mosaic":98,"rechiseled:spruce_planks_mosaic":191,"born_in_chaos_v1:monster_flesh":1,"gnumus:gnumus_chickpeas":11,"regions_unexplored:larch_stairs":121,"minecraft:lectern":156,"minecraft:smithing_table":1,"minecraft:birch_log":3,"minecraft:oak_boat":3,"alexscaves:green_soylent":3,"minecraft:stone_sword":40,"simplyswords:iron_warglaive":3,"minecraft:orange_bed":1,"minecraft:torch":334,"minecraft:anvil":1,"simplyswords:soulrender":4,"ecologics:seashell":2,"regions_unexplored:magnolia_log":1,"minecraft:jungle_trapdoor":1,"farmersdelight:oak_cabinet":10,"regions_unexplored:larch_fence":15,"minecraft:iron_axe":422,"rechiseled:oak_planks_diagonal_tiles":2,"valhelsia_structures:oak_post":28,"rechiseled:oak_planks_woven":2,"wom:golden_mokassin":1,"minecraft:basalt":8,"minecraft:cobbled_deepslate":5,"minecraft:calcite":6,"minecraft:water_bucket":23,"wom:golden_chrono":4,"valhelsia_furniture:spruce_table":4,"minecraft:deepslate_bricks":1,"minecraft:cracked_stone_bricks":4,"minecraft:polished_blackstone_bricks":40,"minecraft:mossy_cobblestone":4,"minecraft:crafting_table":8,"minecraft:red_bed":1,"regions_unexplored:hanging_prismarite":1,"minecraft:white_bed":4,"gnumus:gnumus_cheese":1,"minecraft:spruce_log":44,"minecraft:oak_log":11,"minecraft:mud":2,"minecraft:dark_prismarine":4,"minecraft:diamond_pickaxe":1767,"rechiseled:spruce_planks_bricks":442,"minecraft:iron_pickaxe":148,"alexscaves:spelunkie":1,"minecraft:cobblestone":16,"minecraft:cooked_porkchop":1,"alexscaves:radrock":109,"minecraft:diamond_leggings":4,"epicfight:uchigatana":18,"simplyswords:thunderbrand":388,"rechiseled:oak_planks_bricks":131,"minecraft:iron_shovel":254,"minecraft:shield":4,"cfm:stripped_spruce_chair":4,"alexscaves:radgill":1,"wom:golden_monocle":7,"minecraft:carrot":38,"regions_unexplored:willow_planks":2,"minecraft:obsidian":1,"minecraft:glass":3,"alexscaves:acid_bucket":4,"regions_unexplored:redwood_boat":1,"minecraft:iron_helmet":3,"minecraft:stone_bricks":7,"minecraft:skeleton_skull":1,"epicfight:skillbook":48,"regions_unexplored:redwood_sapling":1,"minecraft:oak_planks":4,"minecraft:stone_pickaxe":118,"regions_unexplored:large_prismarite_cluster":1,"minecraft:sandstone":4,"travelersbackpack:iron_golem":18,"valhelsia_structures:metal_framed_glass":16,"minecraft:diamond_axe":36,"minecraft:sugar_cane":53,"simplyswords:molten_edge":19,"alexscaves:cave_book":12,"minecraft:mushroom_stew":19,"minecraft:dripstone_block":6,"regions_unexplored:larch_slab":64,"simplyswords:iron_greathammer":22,"cfm:oak_chair":3,"minecraft:redstone_torch":2,"regions_unexplored:fireweed":1,"minecraft:bread":274,"minecraft:gravel":3,"regions_unexplored:larch_door":6,"ecologics:coconut_slice":2,"minecraft:smooth_stone_slab":1,"regions_unexplored:larch_sapling":8,"minecraft:experience_bottle":2,"minecraft:stone_shovel":258,"minecraft:spruce_planks":151,"born_in_chaos_v1:black_argillite":2,"simpletomb:grave_key":24,"minecraft:oak_door":2,"minecraft:dirt":85,"minecraft:spruce_stairs":11,"minecraft:diamond_helmet":3,"minecraft:dark_oak_planks":2,"minecraft:bookshelf":2,"minecraft:oak_stairs":13,"minecraft:smooth_sandstone":4,"simplyswords:icewhisper":142,"simplyswords:diamond_greathammer":83,"minecraft:golden_carrot":45,"regions_unexplored:larch_planks":113,"minecraft:cooked_beef":16,"valhelsia_structures:brazier":4,"minecraft:brown_bed":1,"minecraft:cooked_mutton":6,"minecraft:netherite_chestplate":2,"regions_unexplored:peat_dirt":1,"regions_unexplored:larch_boat":6,"regions_unexplored:pink_magnolia_sapling":2,"minecraft:stripped_dark_oak_log":1,"minecraft:terracotta":1,"regions_unexplored:larch_trapdoor":2,"alexscaves:slam":4,"minecraft:apple":1,"rechiseled:spruce_planks_tiles":6,"minecraft:cracked_polished_blackstone_bricks":6,"gnumus:gnumus_jug":1,"simplyswords:soulkeeper":4,"regions_unexplored:larch_log":54,"minecraft:stone_axe":1379,"minecraft:pink_petals":10,"minecraft:bucket":56,"alexsmobs:animal_dictionary":4,"minecraft:splash_potion":1},"minecraft:broken":{"minecraft:diamond_helmet":1,"minecraft:iron_chestplate":1,"wom:golden_monocle":1,"wom:golden_mokassin":1,"wom:golden_chrono":1,"minecraft:iron_axe":1,"minecraft:iron_shovel":1,"minecraft:stone_axe":10,"minecraft:stone_shovel":1},"minecraft:dropped":{"minecraft:iron_sword":1,"minecraft:porkchop":1,"minecraft:glass_bottle":2,"minecraft:glow_berries":3,"minecraft:blackstone_stairs":6,"minecraft:leather_helmet":1,"minecraft:emerald":28,"minecraft:dirt":4,"alexscaves:cinder_brick":19,"regions_unexplored:large_prismarite_cluster":1,"minecraft:sand":60,"minecraft:phantom_membrane":20,"minecraft:iron_pickaxe":1,"travelersbackpack:backpack_tank":2,"minecraft:bone":30,"wom:golden_monocle":1,"minecraft:dark_oak_door":1,"minecraft:stone_axe":1,"wom:agony":1,"simplyswords:soulkeeper":1,"minecraft:cobbled_deepslate":8,"alexscaves:cave_tablet":11,"aether:golden_gloves":2,"minecraft:wheat":1,"minecraft:obsidian":2,"minecraft:rotten_flesh":32,"minecraft:oak_planks":2,"regions_unexplored:redwood_planks":1,"minecraft:nether_brick_fence":2,"minecraft:salmon":1,"alexscaves:cave_book":1,"regions_unexplored:larch_fence":3,"artifacts:umbrella":1,"regions_unexplored:larch_boat":1,"minecraft:ladder":3,"minecraft:spruce_slab":1,"minecraft:beef":2,"minecraft:stone_brick_stairs":1,"minecraft:brown_concrete":6,"minecraft:enchanted_book":1,"minecraft:iron_ingot":1,"regions_unexplored:fireweed":1,"minecraft:wheat_seeds":20,"minecraft:oak_fence":1,"minecraft:iron_helmet":3,"minecraft:cobblestone":77,"minecraft:prismarine_crystals":2,"minecraft:book":6,"minecraft:granite":7,"simplyswords:icewhisper":1,"minecraft:spruce_door":1,"regions_unexplored:daisy":1,"minecraft:coal":7,"born_in_chaos_v1:black_argillite":11,"epicsamurai:spirit_upgrade_smithing_template":1,"simplyswords:molten_edge":1,"alexscaves:cinder_block":1,"minecraft:diamond_helmet":1,"minecraft:brown_terracotta":1,"minecraft:paper":1,"minecraft:iron_shovel":1,"minecraft:string":9,"minecraft:smooth_sandstone":2,"minecraft:polished_deepslate_wall":1,"minecraft:spruce_sapling":1,"minecraft:furnace":1,"minecraft:bricks":1,"minecraft:moss_carpet":1,"ecologics:coconut_planks":56,"minecraft:deepslate":4,"valhelsia_structures:cut_oak_post":16,"minecraft:chicken":3,"alexscaves:cave_codex":1,"minecraft:torchflower_seeds":3,"minecraft:spruce_fence":2,"minecraft:potato":7,"minecraft:hay_block":3,"minecraft:peony":1,"simplyswords:storms_edge":1,"minecraft:spruce_planks":3,"minecraft:diamond_pickaxe":3,"minecraft:light_blue_carpet":6,"regions_unexplored:larch_stairs":3,"minecraft:spider_eye":1,"minecraft:stone_bricks":6,"minecraft:sandstone":10,"minecraft:bow":1,"artifacts:snowshoes":1,"epicfight:skillbook":9,"minecraft:terracotta":7,"mythicmounts:summoning_staff":2,"regions_unexplored:green_bioshroom":1,"regions_unexplored:larch_planks":4,"minecraft:leather":3,"minecraft:red_wool":1,"regions_unexplored:blue_bioshroom":1,"gnumus:mouse_skin":9,"paraglider:spirit_orb":1,"minecraft:cod":21,"minecraft:flint":2,"minecraft:cracked_polished_blackstone_bricks":4,"minecraft:cornflower":4,"alexscaves:cave_map":1,"minecraft:gilded_blackstone":5,"minecraft:gold_ingot":10,"minecraft:armor_stand":2,"minecraft:blackstone":10,"alexscaves:radrock":4,"minecraft:pointed_dripstone":1,"aether:leather_gloves":2,"minecraft:prismarine":5,"gnumus:gnumus_doubloons":9,"minecraft:rabbit_hide":1,"minecraft:leather_chestplate":1,"regions_unexplored:peat_dirt":7,"simplyswords:soulstealer":1,"minecraft:gunpowder":4,"born_in_chaos_v1:chipped_black_argillite_brick":2,"born_in_chaos_v1:corpse_maggot":1,"minecraft:chest":2,"simplyswords:diamond_greathammer":1,"minecraft:arrow":2,"minecraft:basalt":7,"minecraft:bread":22,"minecraft:oak_slab":1,"minecraft:mossy_cobblestone":5,"minecraft:lead":3,"minecraft:tropical_fish":1,"minecraft:diorite":11,"minecraft:iron_leggings":5,"minecraft:polished_basalt":1,"regions_unexplored:volcanic_ash":1,"artifacts:rooted_boots":1,"minecraft:pink_petals":7,"minecraft:redstone":11,"simplyswords:thunderbrand":1,"artifacts:kitty_slippers":1,"epicfight:uchigatana":2,"minecraft:raw_iron":6,"born_in_chaos_v1:black_argillite_button":3,"alexscaves:geothermal_vent":2,"minecraft:filled_map":4,"minecraft:gray_terracotta":16,"gnumus:gnumus_clay":6,"minecraft:iron_chestplate":2,"minecraft:mossy_stone_bricks":1,"minecraft:golden_leggings":1,"minecraft:stone_pickaxe":2,"minecraft:wooden_pickaxe":2,"minecraft:cracked_deepslate_bricks":1,"minecraft:magma_cream":2},"minecraft:crafted":{"regions_unexplored:larch_fence":18,"minecraft:bookshelf":2,"minecraft:cooked_mutton":6,"minecraft:glass":31,"minecraft:diamond_leggings":1,"gnumus:vintage_alloy_ingot":1,"gnumus:pileof_gnumus_doubloons":3,"regions_unexplored:larch_stairs":108,"minecraft:emerald":27,"minecraft:spruce_door":3,"minecraft:smithing_table":1,"minecraft:iron_pickaxe":1,"minecraft:iron_block":33,"minecraft:gold_ingot":10,"minecraft:stone_shovel":3,"ecologics:coconut_planks":88,"travelersbackpack:blank_upgrade":4,"travelersbackpack:gold_tier_upgrade":1,"regions_unexplored:redwood_wood":6,"minecraft:diamond":9,"minecraft:spruce_stairs":20,"regions_unexplored:mauve_planks":28,"minecraft:spruce_slab":126,"minecraft:stone_pickaxe":2,"minecraft:spruce_boat":3,"minecraft:wheat":234,"valhelsia_structures:oak_post":6,"regions_unexplored:larch_trapdoor":2,"minecraft:enchanted_book":4,"minecraft:oak_stairs":12,"minecraft:iron_shovel":1,"farmersdelight:oak_cabinet":10,"valhelsia_structures:metal_framed_glass":16,"minecraft:oak_planks":272,"alexscaves:polymer_plate":8,"mythicmounts:summoning_staff":3,"regions_unexplored:larch_planks":460,"hpm:swashbuckleritem":1,"regions_unexplored:larch_door":6,"minecraft:chest":4,"regions_unexplored:willow_planks":4,"regions_unexplored:larch_boat":3,"minecraft:oak_slab":60,"travelersbackpack:iron_tier_upgrade":1,"minecraft:crafting_table":7,"minecraft:spruce_planks":668,"valhelsia_furniture:spruce_table":4,"minecraft:wooden_pickaxe":2,"minecraft:gold_block":16,"minecraft:emerald_block":19,"minecraft:shield":1,"travelersbackpack:iron_golem":1,"minecraft:stick":160,"minecraft:iron_ingot":1,"minecraft:stone_sword":1,"minecraft:oak_door":3,"travelersbackpack:netherite_tier_upgrade":1,"minecraft:coal":81,"minecraft:mushroom_stew":19,"alexscaves:cave_map":2,"minecraft:diamond_block":17,"minecraft:oak_trapdoor":20,"minecraft:leather":5,"minecraft:iron_axe":2,"travelersbackpack:diamond_tier_upgrade":1,"minecraft:cooked_beef":3,"minecraft:cooked_cod":24,"travelersbackpack:backpack_tank":2,"alexscaves:hazmat_chestplate":1,"minecraft:stone_axe":10,"minecraft:bread":112,"minecraft:air":0,"regions_unexplored:redwood_planks":40,"minecraft:oak_boat":2,"minecraft:anvil":1,"cfm:oak_chair":4,"regions_unexplored:larch_slab":144,"minecraft:torch":308,"minecraft:diamond_chestplate":1},"minecraft:killed_by":{"minecraft:piglin_brute":6,"alexscaves:brainiac":6,"minecraft:slime":1,"minecraft:warden":1,"minecraft:wither_skeleton":1,"minecraft:skeleton":1},"minecraft:picked_up":{"minecraft:seagrass":8,"minecraft:iron_chestplate":3,"alexscaves:waste_drum":5,"regions_unexplored:larch_planks":59,"regions_unexplored:magnolia_log":29,"minecraft:smithing_table":2,"minecraft:lead":4,"alexscaves:unrefined_waste":2,"minecraft:oak_stairs":3,"minecraft:brown_bed":1,"minecraft:enchanted_book":4,"rechiseled:oak_planks_bricks":130,"regions_unexplored:palm_shrub":1,"minecraft:brewing_stand":1,"minecraft:polished_deepslate_wall":1,"minecraft:string":12,"minecraft:red_nether_bricks":10,"valhelsia_structures:oak_post":22,"minecraft:cobbled_deepslate":159,"minecraft:spruce_planks":36,"rechiseled:oak_planks_woven":2,"regions_unexplored:larch_log":233,"cfm:stripped_spruce_chair":4,"minecraft:melon_slice":5,"minecraft:coal_block":10,"ecologics:crab_claw":1,"minecraft:dark_oak_door":1,"minecraft:composter":6,"regions_unexplored:raw_redstone_block":10,"hpm:smallhull":1,"minecraft:green_terracotta":1,"regions_unexplored:pink_magnolia_sapling":2,"minecraft:brown_carpet":2,"gnumus:wrapper_with_goods":5,"minecraft:orange_bed":1,"gnumus:vintage_metal":5,"simplyswords:soulstealer":1,"regions_unexplored:green_bioshroom":1,"minecraft:polished_basalt":1,"simplyswords:thunderbrand":1,"minecraft:blackstone_stairs":6,"minecraft:iron_bars":4,"minecraft:sponge":4,"minecraft:birch_log":22,"minecraft:magma_block":2,"travelersbackpack:iron_golem":14,"minecraft:feather":8,"ecologics:coconut_planks":56,"minecraft:flint":2,"minecraft:stripped_spruce_wood":2,"born_in_chaos_v1:black_argillite_button":3,"minecraft:lantern":1,"gnumus:gnumus_pouch_2":4,"minecraft:gray_terracotta":16,"rechiseled:spruce_planks_mosaic":65,"rechiseled:chisel":1,"minecraft:rabbit":3,"minecraft:moss_block":45,"epicsamurai:raw_silver":69,"simplyswords:storms_edge":1,"minecraft:chiseled_polished_blackstone":2,"valhelsia_structures:cut_oak_post":16,"regions_unexplored:larch_slab":6,"minecraft:stripped_spruce_log":12,"minecraft:dark_oak_log":2,"regions_unexplored:glister_bulb":1,"regions_unexplored:hyssop":1,"minecraft:deepslate":4,"minecraft:granite":7,"regions_unexplored:willow_log":23,"minecraft:bread":59,"minecraft:bricks":1,"minecraft:diamond_pickaxe":2,"rechiseled:oak_planks_diagonal_tiles":2,"minecraft:mud":2,"minecraft:crafting_table":1,"ecologics:seashell":2,"regions_unexplored:blue_bioshroom":1,"minecraft:cornflower":4,"minecraft:jungle_trapdoor":1,"minecraft:red_bed":1,"born_in_chaos_v1:intoxicating_decoction":6,"minecraft:iron_shovel":1,"minecraft:cracked_stone_bricks":11,"alexscaves:burrowing_arrow":1,"minecraft:beef":8,"minecraft:spruce_slab":4,"minecraft:chest":2,"minecraft:birch_sapling":6,"minecraft:piston":2,"minecraft:sandstone":14,"minecraft:stone":2,"alexscaves:geothermal_vent":2,"minecraft:spruce_fence":2,"born_in_chaos_v1:pieceofdarkmetal":8,"minecraft:carrot":29,"minecraft:redstone":13,"minecraft:prismarine_crystals":1,"minecraft:tnt":2,"regions_unexplored:mauve_sapling":3,"minecraft:peony":2,"minecraft:deepslate_bricks":58,"artifacts:snowshoes":2,"minecraft:hay_block":29,"minecraft:cracked_deepslate_bricks":1,"minecraft:gold_ingot":17,"gnumus:mouse_skin":40,"minecraft:glow_berries":3,"minecraft:mutton":6,"minecraft:stripped_oak_log":1,"born_in_chaos_v1:monster_flesh":6,"alexscaves:sulfur_dust":15,"minecraft:red_mushroom":19,"minecraft:ochre_froglight":1,"gnumus:gnumus_pouch":4,"minecraft:filled_map":2,"minecraft:brown_concrete":6,"minecraft:oak_log":91,"minecraft:ancient_debris":2,"alexscaves:charred_remnant":2,"minecraft:paper":54,"minecraft:white_banner":1,"minecraft:apple":6,"minecraft:stone_bricks":22,"regions_unexplored:redwood_sapling":14,"alexscaves:green_soylent":3,"minecraft:stone_pickaxe":1,"regions_unexplored:larch_sapling":15,"epicsamurai:aquamarine":19,"mcwwindows:spruce_plank_pane_window":20,"minecraft:dark_oak_stairs":2,"wom:golden_chrono":1,"minecraft:dark_oak_slab":1,"minecraft:red_wool":1,"born_in_chaos_v1:ethereal_spirit":5,"minecraft:gravel":7,"gnumus:gnumus_cheese":4,"epicfight:uchigatana":1,"minecraft:spruce_sapling":47,"minecraft:spruce_log":284,"minecraft:oak_wood":14,"regions_unexplored:cave_hyssop":2,"minecraft:slime_ball":3,"regions_unexplored:fireweed":3,"minecraft:light_blue_carpet":6,"minecraft:diamond_axe":2,"alexscaves:cave_map":2,"minecraft:stripped_dark_oak_log":1,"regions_unexplored:larch_boat":4,"minecraft:ender_pearl":3,"minecraft:prismarine_stairs":1,"minecraft:wheat":55,"alexscaves:radgill":1,"minecraft:nether_brick_fence":2,"gnumus:gnumus_claw":15,"aether:iron_gloves":1,"alexscaves:cave_tablet":12,"minecraft:stone_brick_stairs":3,"born_in_chaos_v1:black_argillite":13,"regions_unexplored:prismarite_cluster":13,"minecraft:raw_copper":11,"minecraft:smooth_stone_slab":1,"minecraft:iron_leggings":4,"rechiseled:spruce_planks_bricks":73,"minecraft:armor_stand":3,"minecraft:experience_bottle":2,"minecraft:sea_pickle":1,"gnumus:packaged_goods":9,"minecraft:redstone_torch":3,"minecraft:calcite":9,"minecraft:smooth_quartz_stairs":1,"simplyswords:molten_edge":1,"regions_unexplored:redwood_log":27,"minecraft:furnace":1,"minecraft:tipped_arrow":1,"minecraft:stick":66,"wom:golden_monocle":1,"minecraft:brown_terracotta":1,"minecraft:oak_fence":1,"minecraft:torch":35,"minecraft:spruce_stairs":35,"epicfight:skillbook":10,"minecraft:porkchop":4,"minecraft:target":4,"minecraft:diorite":14,"minecraft:pointed_dripstone":1,"regions_unexplored:daisy":2,"minecraft:rotten_flesh":77,"regions_unexplored:mauve_log":7,"regions_unexplored:blue_magnolia_sapling":6,"ecologics:coconut_log":22,"gnumus:gnumus_chickpeas":17,"minecraft:deepslate_brick_stairs":2,"minecraft:cod":24,"cataclysm:stone_pillar":8,"minecraft:cobblestone":311,"minecraft:pink_petals":17,"minecraft:leather_chestplate":1,"gnumus:gnumus_doubloons":45,"minecraft:magma_cream":2,"minecraft:repeater":2,"gnumus:overripe_carrot":6,"minecraft:potato":6,"rechiseled:spruce_planks_tiles":6,"paraglider:spirit_orb":116,"alexscaves:cave_book":1,"minecraft:prismarine_bricks":6,"minecraft:dirt":158,"minecraft:name_tag":1,"born_in_chaos_v1:monster_skin":3,"rechiseled:oak_planks_mosaic":27,"minecraft:bone":123,"travelersbackpack:backpack_tank":2,"minecraft:bow":2,"minecraft:wheat_seeds":27,"alexscaves:toxic_paste":2,"minecraft:bell":3,"minecraft:grindstone":3,"minecraft:fletching_table":2,"minecraft:mossy_stone_bricks":15,"minecraft:prismarine":32,"minecraft:oak_planks":5,"minecraft:mossy_stone_brick_stairs":1,"minecraft:ghast_tear":1,"regions_unexplored:larch_stairs":16,"minecraft:pink_concrete":1,"alexscaves:uranium":25,"minecraft:sand":131,"minecraft:diamond_block":1,"minecraft:mossy_cobblestone":17,"minecraft:dark_prismarine":4,"rechiseled:oak_planks_small_bricks":5,"born_in_chaos_v1:fire_dust":7,"gnumus:vintage_parts":1,"minecraft:diamond":33,"gnumus:gnumus_clay":24,"minecraft:cracked_polished_blackstone_bricks":19,"minecraft:golden_apple":3,"minecraft:emerald":37,"minecraft:oak_sapling":16,"minecraft:netherrack":3,"born_in_chaos_v1:diamond_termite_shard":4,"minecraft:chicken":3,"minecraft:ladder":3,"minecraft:brown_mushroom":20,"minecraft:gold_block":12,"minecraft:chain":1,"minecraft:shield":1,"minecraft:dragon_breath":3,"aether:leather_gloves":2,"valhelsia_structures:unlit_soul_lantern":1,"minecraft:moss_carpet":1,"minecraft:iron_axe":1,"minecraft:orange_concrete":1,"minecraft:cyan_carpet":2,"minecraft:blackstone":10,"epicsamurai:akaname_tongue":1,"minecraft:oak_boat":2,"alexsmobs:elastic_tendon":2,"minecraft:player_head":2,"regions_unexplored:redwood_planks":21,"minecraft:lectern":156,"minecraft:sugar_cane":53,"minecraft:phantom_membrane":20,"minecraft:raw_iron":15,"mythicmounts:summoning_staff":2,"minecraft:stripped_mangrove_wood":11,"ecologics:coconut_slice":2,"regions_unexplored:redwood_boat":1,"regions_unexplored:volcanic_ash":1,"minecraft:polished_blackstone_bricks":40,"minecraft:quartz_pillar":3,"minecraft:stone_pressure_plate":2,"minecraft:dark_oak_planks":8,"gnumus:pileof_gnumus_doubloons":1,"minecraft:arrow":75,"regions_unexplored:redstone_bulb":1,"valhelsia_structures:brazier":4,"gnumus:gnumus_pouch_3":1,"born_in_chaos_v1:trident_hayfork":1,"born_in_chaos_v1:fused_bone":2,"regions_unexplored:peat_dirt":20,"born_in_chaos_v1:corpse_maggot":12,"minecraft:prismarine_slab":1,"minecraft:basalt":15,"minecraft:golden_carrot":64,"regions_unexplored:hanging_prismarite":27,"minecraft:cut_sandstone":1,"minecraft:leather":16,"cfm:oak_chair":2,"alexscaves:limestone":255,"minecraft:gunpowder":14,"minecraft:orange_terracotta":1,"gnumus:gnumus_jug":1,"minecraft:smooth_sandstone":8,"regions_unexplored:large_prismarite_cluster":7,"gnumus:gnumus_horn":2,"minecraft:spruce_wood":5,"minecraft:rabbit_hide":4,"minecraft:heart_of_the_sea":1,"minecraft:iron_ingot":6,"alexscaves:radrock":165,"born_in_chaos_v1:chipped_black_argillite_brick":2,"minecraft:book":140,"wom:agony":1,"epicsamurai:onyx":4,"minecraft:oak_slab":1,"regions_unexplored:willow_sapling":1,"minecraft:stone_brick_slab":5,"alexscaves:fissile_core":1,"minecraft:dripstone_block":6,"born_in_chaos_v1:dark_rod":4,"minecraft:amethyst_shard":4,"minecraft:blast_furnace":4,"minecraft:white_bed":4,"minecraft:nether_brick_slab":3,"minecraft:spruce_door":3,"minecraft:spider_eye":1,"minecraft:iron_helmet":2,"simplyswords:icewhisper":1,"minecraft:terracotta":49,"minecraft:coal":67},"minecraft:mined":{"minecraft:dark_oak_planks":9,"regions_unexplored:yellow_bioshroom_block":1,"minecraft:blackstone_stairs":2,"minecraft:white_bed":4,"valhelsia_structures:bundled_oak_posts":3,"minecraft:black_terracotta":1,"regions_unexplored:deepslate_prismoss":9,"regions_unexplored:magnolia_log":56,"minecraft:red_nether_bricks":10,"alexscaves:limestone":286,"regions_unexplored:larch_planks":55,"minecraft:potted_dead_bush":1,"minecraft:granite":3,"minecraft:chiseled_polished_blackstone":2,"epicsamurai:silver_ore":3,"born_in_chaos_v1:dark_metal_deposit":6,"minecraft:stone_brick_wall":1,"minecraft:coal_block":10,"minecraft:deepslate_bricks":59,"regions_unexplored:blue_bioshroom":1,"minecraft:chiseled_stone_bricks":2,"minecraft:spawner":65,"rechiseled:oak_planks_woven":2,"minecraft:orange_concrete":2,"minecraft:polished_blackstone_bricks":43,"minecraft:tall_seagrass":1,"minecraft:magma_block":7,"minecraft:fire":18,"rechiseled:oak_planks_small_bricks":5,"minecraft:cobbled_deepslate":3,"minecraft:fletching_table":2,"minecraft:sculk_shrieker":3,"valhelsia_structures:brown_glazed_jar":1,"minecraft:cave_vines":1,"minecraft:dirt_path":2,"minecraft:oak_stairs":3,"minecraft:deepslate_brick_stairs":2,"minecraft:spruce_wood":5,"rechiseled:spruce_planks_mosaic":65,"minecraft:stripped_mangrove_wood":10,"minecraft:tripwire":1,"farmersdelight:wild_potatoes":1,"valhelsia_structures:big_glazed_jar":1,"minecraft:orange_bed":1,"valhelsia_structures:big_purple_glazed_jar":1,"minecraft:jungle_trapdoor":1,"minecraft:cut_sandstone":1,"minecraft:brown_mushroom":10,"minecraft:red_bed":1,"minecraft:amethyst_cluster":1,"minecraft:torch":22,"minecraft:blast_furnace":4,"regions_unexplored:peat_grass_block":12,"minecraft:melon":1,"minecraft:nether_brick_slab":3,"minecraft:glass":3,"minecraft:sugar_cane":30,"minecraft:bricks":1,"gnumus:gnumus_clay_brick":1,"minecraft:chain":1,"regions_unexplored:hyssop":1,"ecologics:seashell":2,"minecraft:mud":6,"born_in_chaos_v1:black_argillite_brick":1,"minecraft:stone_brick_stairs":5,"minecraft:grass":62,"minecraft:piston":2,"minecraft:deepslate":204,"regions_unexplored:fireweed":1,"minecraft:suspicious_gravel":2,"realmrpg_skeletons:swimmer_skeleton":1,"minecraft:dark_prismarine":1,"minecraft:brown_concrete":1,"rechiseled:oak_planks_mosaic":27,"minecraft:mossy_cobblestone":30,"epicsamurai:deepslate_onyx_ore":4,"alexscaves:radrock":185,"minecraft:dark_oak_log":2,"minecraft:spruce_fence":2,"born_in_chaos_v1:black_argillite":16,"minecraft:red_mushroom":19,"minecraft:cartography_table":1,"minecraft:moss_block":10,"valhelsia_structures:cracked_big_glazed_jar":1,"regions_unexplored:larch_slab":6,"cfm:stripped_spruce_chair":4,"minecraft:pink_concrete":1,"minecraft:green_terracotta":1,"minecraft:diamond_block":1,"regions_unexplored:larch_leaves":10,"rechiseled:spruce_planks_tiles":6,"minecraft:mossy_stone_brick_stairs":1,"minecraft:vine":1,"regions_unexplored:ash_vent":1,"gnumus:fragile_gnumus_jug":25,"regions_unexplored:redwood_log":34,"regions_unexplored:windswept_grass":4,"minecraft:smithing_table":2,"minecraft:oak_slab":1,"minecraft:brown_carpet":9,"minecraft:stone_brick_slab":7,"minecraft:smooth_sandstone":10,"minecraft:emerald_ore":5,"minecraft:prismarine_slab":1,"minecraft:sponge":4,"regions_unexplored:volcanic_ash":1,"minecraft:copper_ore":3,"minecraft:tall_grass":7,"regions_unexplored:mauve_log":7,"minecraft:cracked_deepslate_bricks":1,"minecraft:diorite":13,"regions_unexplored:prismarite_cluster":12,"minecraft:cobblestone_wall":2,"minecraft:stripped_spruce_wood":2,"minecraft:spruce_log":299,"regions_unexplored:sandy_grass":1,"valhelsia_structures:unlit_soul_lantern":1,"minecraft:gravel":11,"minecraft:cobweb":9,"valhelsia_structures:cut_oak_post":5,"minecraft:brown_terracotta":1,"minecraft:polished_blackstone":3,"minecraft:stone_bricks":32,"minecraft:fern":18,"regions_unexplored:palm_shrub":1,"minecraft:large_amethyst_bud":2,"minecraft:spruce_planks":28,"minecraft:stone_pressure_plate":1,"alexscaves:geothermal_vent_medium":1,"minecraft:sculk_vein":2,"rechiseled:spruce_planks_bricks":73,"minecraft:brewing_stand":3,"cataclysm:stone_pillar":11,"regions_unexplored:hanging_prismarite":26,"alexscaves:geothermal_vent":2,"travelersbackpack:iron_golem":14,"minecraft:grass_block":101,"minecraft:infested_cobblestone":32,"minecraft:cracked_polished_blackstone_bricks":20,"alexscaves:sulfur":7,"regions_unexplored:larch_stairs":16,"valhelsia_structures:oak_post":22,"regions_unexplored:elephant_ear":6,"rechiseled:oak_planks_diagonal_tiles":2,"gnumus:gnumus_jug":1,"minecraft:mud_bricks":1,"minecraft:composter":8,"minecraft:iron_ore":9,"born_in_chaos_v1:black_argillite_brick_slab":1,"minecraft:target":4,"regions_unexplored:redwood_planks":21,"minecraft:brown_bed":1,"minecraft:dark_oak_stairs":2,"realmrpg_skeletons:rookie_skeleton":1,"minecraft:iron_bars":4,"alexscaves:underweed":1,"epicsamurai:deepslate_silver_ore":27,"minecraft:potted_cornflower":1,"regions_unexplored:larch_log":489,"minecraft:spruce_slab":3,"minecraft:waxed_cut_copper":1,"minecraft:deepslate_redstone_ore":2,"minecraft:gray_terracotta":6,"minecraft:blackstone":5,"regions_unexplored:willow_log":23,"minecraft:orange_terracotta":1,"valhelsia_structures:blue_glazed_jar":2,"minecraft:calcite":7,"regions_unexplored:small_desert_shrub":3,"minecraft:chest":1,"minecraft:cobblestone":38,"minecraft:grindstone":3,"minecraft:prismarine":50,"minecraft:oak_planks":2,"minecraft:wall_torch":15,"valhelsia_structures:brazier":4,"minecraft:pink_petals":1,"farmersdelight:sandy_shrub":2,"valhelsia_structures:bone_pile":1,"minecraft:dark_oak_slab":1,"regions_unexplored:sandy_tall_grass":1,"minecraft:dark_oak_door":1,"minecraft:birch_log":27,"minecraft:tnt":2,"minecraft:smooth_stone_slab":2,"minecraft:oak_log":84,"regions_unexplored:peat_dirt":8,"minecraft:sand":145,"minecraft:dirt":64,"alexscaves:unrefined_waste":5,"minecraft:prismarine_stairs":1,"minecraft:dispenser":4,"minecraft:ancient_debris":3,"minecraft:netherrack":3,"regions_unexplored:prismoss_sprout":4,"minecraft:polished_deepslate_wall":1,"minecraft:oak_leaves":9,"regions_unexplored:green_bioshroom":1,"minecraft:tuff":2,"minecraft:deepslate_diamond_ore":14,"born_in_chaos_v1:infected_diamond_ore":3,"minecraft:glow_lichen":1,"ecologics:coconut_log":22,"minecraft:spruce_leaves":12,"minecraft:sandstone":20,"regions_unexplored:large_prismarite_cluster":7,"regions_unexplored:raw_redstone_block":10,"minecraft:large_fern":6,"minecraft:hay_block":33,"alexscaves:radrock_uranium_ore":16,"minecraft:deepslate_brick_slab":2,"gnumus:scion_weed":2,"minecraft:furnace":1,"minecraft:polished_basalt":1,"minecraft:peony":1,"minecraft:gold_block":12,"minecraft:bell":3,"minecraft:nether_brick_fence":2,"minecraft:polished_deepslate":1,"minecraft:bookshelf":46,"minecraft:deepslate_iron_ore":2,"minecraft:stripped_oak_log":1,"regions_unexplored:medium_grass":10,"minecraft:stone":296,"minecraft:pink_terracotta":2,"valhelsia_structures:doused_wall_torch":1,"minecraft:redstone_wall_torch":1,"regions_unexplored:redstone_bulb":1,"minecraft:red_wool":1,"minecraft:basalt":24,"minecraft:spruce_door":1,"epicsamurai:deepslate_aquamarine_ore":12,"minecraft:oak_fence":1,"rechiseled:oak_planks_bricks":86,"minecraft:crafting_table":1,"regions_unexplored:pink_magnolia_leaves":2,"minecraft:sculk_sensor":3,"minecraft:lectern":156,"mcwwindows:spruce_plank_pane_window":17,"born_in_chaos_v1:chipped_black_argillite_brick":2,"regions_unexplored:daisy":2,"minecraft:spruce_stairs":8,"cfm:oak_chair":2,"regions_unexplored:redstone_bud":2,"minecraft:redstone_torch":1,"regions_unexplored:white_magnolia_flowers":1,"minecraft:coal_ore":33,"minecraft:ochre_froglight":1,"minecraft:cyan_carpet":1,"minecraft:cracked_stone_bricks":14,"minecraft:terracotta":50,"minecraft:polished_andesite":1,"minecraft:mossy_stone_bricks":16}},"DataVersion":3465}